Workbook

Sheet Task_Tracking
A1: FSCM – Task tracking (Epic → Module → Chức năng → Backend / Portal / Mobile)
A2: Mỗi dòng là một task trên một nền tảng. Cột trắng: chọn PIC, Status, ngày, ghi chú. Cột xám tự tính. Lọc theo Epic / Module / Nền tảng / Sprint / PIC bằng nút lọc ở dòng tiêu đề.
A4: Task ID | B4: Epic | C4: Tên epic | D4: Module | E4: Chức năng | F4: Nền tảng | G4: Công việc | H4: Priority | I4: Sprint | J4: Thời gian sprint | K4: PIC | L4: Status | M4: Trễ hạn | N4: Bắt đầu | O4: Hoàn thành | P4: Ghi chú
A5: F08-BE | B5: E1 | C5: Nền tảng & xác thực | D5: Xác thực & phân quyền | E5: Đăng nhập Portal | F5: Backend | G5: Kiểm tra token đăng nhập Microsoft Entra ID cho Portal. Cung cấp API thông tin người đang đăng nhập gồm vai trò, kho, khu vực và phạm vi dữ liệu được xem. Trả lỗi rõ khi token hết hạn hoặc tài khoản bị khóa. | H5: High | I5: S1 | J5: {=IFERROR(TEXT(INDEX(Sprints!$B$5:$B$7,MATCH(I5,Sprints!$A$5:$A$7,0)),"dd/mm")&" – "&TEXT(INDEX(Sprints!$C$5:$C$7,MATCH(I5,Sprints!$A$5:$A$7,0)),"dd/mm"),"")} -> 19/10 – 01/11 | K5: Khiết | L5: To Do | M5: {=IFERROR(IF(AND(L5<>"Done",TODAY()>INDEX(Sprints!$C$5:$C$7,MATCH(I5,Sprints!$A$5:$A$7,0))),"Trễ",""),"")}
A6: F08-FE | B6: E1 | C6: Nền tảng & xác thực | D6: Xác thực & phân quyền | E6: Đăng nhập Portal | F6: Portal | G6: Làm đăng nhập Portal bằng tài khoản Microsoft qua MSAL. Sau đăng nhập lấy thông tin và quyền từ server để mở đúng trang. Khi phiên hết hạn thì yêu cầu đăng nhập lại, hiển thị lỗi thay vì để màn hình trống. | H6: High | I6: S1 | J6: {=IFERROR(TEXT(INDEX(Sprints!$B$5:$B$7,MATCH(I6,Sprints!$A$5:$A$7,0)),"dd/mm")&" – "&TEXT(INDEX(Sprints!$C$5:$C$7,MATCH(I6,Sprints!$A$5:$A$7,0)),"dd/mm"),"")} -> 19/10 – 01/11 | K6: Hoàng | L6: To Do | M6: {=IFERROR(IF(AND(L6<>"Done",TODAY()>INDEX(Sprints!$C$5:$C$7,MATCH(I6,Sprints!$A$5:$A$7,0))),"Trễ",""),"")}
A7: F09-BE | B7: E1 | C7: Nền tảng & xác thực | D7: Xác thực & phân quyền | E7: Đăng nhập app mobile | F7: Backend | G7: Thống nhất cơ chế xác thực mobile với người làm app và triển khai phần server tương ứng. Trả thông tin tài khoản, vai trò và phạm vi dữ liệu sau đăng nhập. App và Portal phải dùng cùng danh tính và quyền của người dùng. | H7: High | I7: S1 | J7: {=IFERROR(TEXT(INDEX(Sprints!$B$5:$B$7,MATCH(I7,Sprints!$A$5:$A$7,0)),"dd/mm")&" – "&TEXT(INDEX(Sprints!$C$5:$C$7,MATCH(I7,Sprints!$A$5:$A$7,0)),"dd/mm"),"")} -> 19/10 – 01/11 | K7: Hải | L7: To Do | M7: {=IFERROR(IF(AND(L7<>"Done",TODAY()>INDEX(Sprints!$C$5:$C$7,MATCH(I7,Sprints!$A$5:$A$7,0))),"Trễ",""),"")} | P7: Mock đang dùng SĐT + mật khẩu
A8: F09-MB | B8: E1 | C8: Nền tảng & xác thực | D8: Xác thực & phân quyền | E8: Đăng nhập app mobile | F8: Mobile | G8: Làm màn đăng nhập app theo cơ chế đã thống nhất với F09-BE. Lưu thông tin phiên bằng bộ lưu trữ bảo mật, khôi phục phiên còn hiệu lực khi mở app và xóa phiên khi đăng xuất. Báo rõ sai thông tin hoặc tài khoản bị khóa. | H8: High | I8: S1 | J8: {=IFERROR(TEXT(INDEX(Sprints!$B$5:$B$7,MATCH(I8,Sprints!$A$5:$A$7,0)),"dd/mm")&" – "&TEXT(INDEX(Sprints!$C$5:$C$7,MATCH(I8,Sprints!$A$5:$A$7,0)),"dd/mm"),"")} -> 19/10 – 01/11 | K8: Sơn | L8: To Do | M8: {=IFERROR(IF(AND(L8<>"Done",TODAY()>INDEX(Sprints!$C$5:$C$7,MATCH(I8,Sprints!$A$5:$A$7,0))),"Trễ",""),"")} | P8: Mock đang dùng SĐT + mật khẩu
A9: F10-BE | B9: E1 | C9: Nền tảng & xác thực | D9: Xác thực & phân quyền | E9: Phân quyền theo vai trò | F9: Backend | G9: Áp dụng phân quyền cho toàn bộ API theo sáu vai trò: Admin, Operator, Sales Manager, Warehouse Keeper, Sales, Retailer. Ngoài vai trò còn kiểm tra đúng kho, khu vực, nhóm Sales hoặc retailer. Chặn cả trường hợp sửa mã trên URL để xem dữ liệu ngoài quyền. | H9: High | I9: S1 | J9: {=IFERROR(TEXT(INDEX(Sprints!$B$5:$B$7,MATCH(I9,Sprints!$A$5:$A$7,0)),"dd/mm")&" – "&TEXT(INDEX(Sprints!$C$5:$C$7,MATCH(I9,Sprints!$A$5:$A$7,0)),"dd/mm"),"")} -> 19/10 – 01/11 | K9: Khiết | L9: To Do | M9: {=IFERROR(IF(AND(L9<>"Done",TODAY()>INDEX(Sprints!$C$5:$C$7,MATCH(I9,Sprints!$A$5:$A$7,0))),"Trễ",""),"")}
A10: F10-FE | B10: E1 | C10: Nền tảng & xác thực | D10: Xác thực & phân quyền | E10: Phân quyền theo vai trò | F10: Portal | G10: Chỉ hiện menu và nút thao tác phù hợp với vai trò đăng nhập trên Portal. Chặn truy cập trực tiếp đường dẫn ngoài quyền và hiện thông báo không đủ quyền. Quyền trên màn hình phải khớp với API, không chỉ ẩn menu. | H10: High | I10: S1 | J10: {=IFERROR(TEXT(INDEX(Sprints!$B$5:$B$7,MATCH(I10,Sprints!$A$5:$A$7,0)),"dd/mm")&" – "&TEXT(INDEX(Sprints!$C$5:$C$7,MATCH(I10,Sprints!$A$5:$A$7,0)),"dd/mm"),"")} -> 19/10 – 01/11 | K10: Sơn | L10: To Do | M10: {=IFERROR(IF(AND(L10<>"Done",TODAY()>INDEX(Sprints!$C$5:$C$7,MATCH(I10,Sprints!$A$5:$A$7,0))),"Trễ",""),"")}
A11: F10-MB | B11: E1 | C11: Nền tảng & xác thực | D11: Xác thực & phân quyền | E11: Phân quyền theo vai trò | F11: Mobile | G11: Mở đúng màn và nhóm chức năng cho Sales, Thủ kho hoặc Retailer sau đăng nhập. Ẩn thao tác ngoài vai trò và xử lý lỗi không đủ quyền từ server. Retailer chỉ theo dõi, nhận hàng và dùng chức năng được cấp, không tự đặt đơn. | H11: High | I11: S1 | J11: {=IFERROR(TEXT(INDEX(Sprints!$B$5:$B$7,MATCH(I11,Sprints!$A$5:$A$7,0)),"dd/mm")&" – "&TEXT(INDEX(Sprints!$C$5:$C$7,MATCH(I11,Sprints!$A$5:$A$7,0)),"dd/mm"),"")} -> 19/10 – 01/11 | K11: Hoàng | L11: To Do | M11: {=IFERROR(IF(AND(L11<>"Done",TODAY()>INDEX(Sprints!$C$5:$C$7,MATCH(I11,Sprints!$A$5:$A$7,0))),"Trễ",""),"")}
A12: F11-BE | B12: E2 | C12: Dữ liệu gốc | D12: Người dùng | E12: Seed Admin, không tạo Admin trên UI | F12: Backend | G12: Tạo sẵn tài khoản Admin ban đầu khi triển khai hệ thống. Chặn API tạo hoặc đổi tài khoản thông thường thành Admin. Chạy bước khởi tạo nhiều lần không tạo trùng Admin. | H12: High | I12: S1 | J12: {=IFERROR(TEXT(INDEX(Sprints!$B$5:$B$7,MATCH(I12,Sprints!$A$5:$A$7,0)),"dd/mm")&" – "&TEXT(INDEX(Sprints!$C$5:$C$7,MATCH(I12,Sprints!$A$5:$A$7,0)),"dd/mm"),"")} -> 19/10 – 01/11 | K12: Khiết | L12: To Do | M12: {=IFERROR(IF(AND(L12<>"Done",TODAY()>INDEX(Sprints!$C$5:$C$7,MATCH(I12,Sprints!$A$5:$A$7,0))),"Trễ",""),"")} | P12: Chốt 02/10
A13: F11-FE | B13: E2 | C13: Dữ liệu gốc | D13: Người dùng | E13: Seed Admin, không tạo Admin trên UI | F13: Portal | G13: Trong form quản lý người dùng, chỉ cho chọn các vai trò được phép tạo. Không có lựa chọn tạo Admin hoặc nâng tài khoản thành Admin. Hiển thị lỗi từ server nếu thao tác không hợp lệ. | H13: High | I13: S1 | J13: {=IFERROR(TEXT(INDEX(Sprints!$B$5:$B$7,MATCH(I13,Sprints!$A$5:$A$7,0)),"dd/mm")&" – "&TEXT(INDEX(Sprints!$C$5:$C$7,MATCH(I13,Sprints!$A$5:$A$7,0)),"dd/mm"),"")} -> 19/10 – 01/11 | K13: Hoàng | L13: To Do | M13: {=IFERROR(IF(AND(L13<>"Done",TODAY()>INDEX(Sprints!$C$5:$C$7,MATCH(I13,Sprints!$A$5:$A$7,0))),"Trễ",""),"")} | P13: Chốt 02/10
A14: F12-BE | B14: E2 | C14: Dữ liệu gốc | D14: Người dùng | E14: Quản lý người dùng | F14: Backend | G14: Cung cấp API danh sách, tạo, sửa và khóa tài khoản. Lưu vai trò và liên kết cần thiết như kho của Thủ kho, khu vực/nhóm của Sales hoặc retailer của tài khoản khách. Kiểm tra dữ liệu trùng và quyền của người thao tác. | H14: High | I14: S1 | J14: {=IFERROR(TEXT(INDEX(Sprints!$B$5:$B$7,MATCH(I14,Sprints!$A$5:$A$7,0)),"dd/mm")&" – "&TEXT(INDEX(Sprints!$C$5:$C$7,MATCH(I14,Sprints!$A$5:$A$7,0)),"dd/mm"),"")} -> 19/10 – 01/11 | K14: Khiết | L14: To Do | M14: {=IFERROR(IF(AND(L14<>"Done",TODAY()>INDEX(Sprints!$C$5:$C$7,MATCH(I14,Sprints!$A$5:$A$7,0))),"Trễ",""),"")}
A15: F12-FE | B15: E2 | C15: Dữ liệu gốc | D15: Người dùng | E15: Quản lý người dùng | F15: Portal | G15: Làm màn quản lý người dùng trên Portal gồm tìm kiếm, lọc, tạo, sửa và khóa tài khoản. Form thay đổi trường gán kho, khu vực, nhóm hoặc retailer theo vai trò đã chọn. Hiển thị rõ trạng thái tài khoản và lỗi nhập liệu. | H15: High | I15: S1 | J15: {=IFERROR(TEXT(INDEX(Sprints!$B$5:$B$7,MATCH(I15,Sprints!$A$5:$A$7,0)),"dd/mm")&" – "&TEXT(INDEX(Sprints!$C$5:$C$7,MATCH(I15,Sprints!$A$5:$A$7,0)),"dd/mm"),"")} -> 19/10 – 01/11 | K15: Hoàng | L15: To Do | M15: {=IFERROR(IF(AND(L15<>"Done",TODAY()>INDEX(Sprints!$C$5:$C$7,MATCH(I15,Sprints!$A$5:$A$7,0))),"Trễ",""),"")}
A16: F13-MB | B16: E2 | C16: Dữ liệu gốc | D16: Người dùng | E16: Hồ sơ cá nhân trên app | F16: Mobile | G16: Làm màn hồ sơ trên app để người dùng xem tên, tài khoản, vai trò và thông tin được gán. Có nút đăng xuất và xóa phiên đăng nhập trên thiết bị. Không cho tự sửa vai trò hoặc phạm vi quản lý. | H16: High | I16: S1 | J16: {=IFERROR(TEXT(INDEX(Sprints!$B$5:$B$7,MATCH(I16,Sprints!$A$5:$A$7,0)),"dd/mm")&" – "&TEXT(INDEX(Sprints!$C$5:$C$7,MATCH(I16,Sprints!$A$5:$A$7,0)),"dd/mm"),"")} -> 19/10 – 01/11 | K16: Hoàng | L16: To Do | M16: {=IFERROR(IF(AND(L16<>"Done",TODAY()>INDEX(Sprints!$C$5:$C$7,MATCH(I16,Sprints!$A$5:$A$7,0))),"Trễ",""),"")}
A17: F14-BE | B17: E2 | C17: Dữ liệu gốc | D17: Danh mục & sản phẩm | E17: Danh mục sản phẩm | F17: Backend | G17: Cung cấp API quản lý danh mục sản phẩm: danh sách, tạo, sửa và trạng thái sử dụng. Sinh mã danh mục theo quy ước, kiểm tra tên/mã trùng. Danh mục đã được sản phẩm sử dụng phải được kiểm tra trước khi xóa. | H17: High | I17: S1 | J17: {=IFERROR(TEXT(INDEX(Sprints!$B$5:$B$7,MATCH(I17,Sprints!$A$5:$A$7,0)),"dd/mm")&" – "&TEXT(INDEX(Sprints!$C$5:$C$7,MATCH(I17,Sprints!$A$5:$A$7,0)),"dd/mm"),"")} -> 19/10 – 01/11 | K17: Khiết | L17: To Do | M17: {=IFERROR(IF(AND(L17<>"Done",TODAY()>INDEX(Sprints!$C$5:$C$7,MATCH(I17,Sprints!$A$5:$A$7,0))),"Trễ",""),"")}
A18: F14-FE | B18: E2 | C18: Dữ liệu gốc | D18: Danh mục & sản phẩm | E18: Danh mục sản phẩm | F18: Portal | G18: Làm màn danh mục sản phẩm với danh sách, tìm kiếm và form tạo/sửa. Cho chọn trạng thái sử dụng và hiển thị lỗi trùng hoặc không thể xóa. Danh sách danh mục này được dùng trong form sản phẩm. | H18: High | I18: S1 | J18: {=IFERROR(TEXT(INDEX(Sprints!$B$5:$B$7,MATCH(I18,Sprints!$A$5:$A$7,0)),"dd/mm")&" – "&TEXT(INDEX(Sprints!$C$5:$C$7,MATCH(I18,Sprints!$A$5:$A$7,0)),"dd/mm"),"")} -> 19/10 – 01/11 | K18: Sơn | L18: To Do | M18: {=IFERROR(IF(AND(L18<>"Done",TODAY()>INDEX(Sprints!$C$5:$C$7,MATCH(I18,Sprints!$A$5:$A$7,0))),"Trễ",""),"")}
A19: F15-BE | B19: E2 | C19: Dữ liệu gốc | D19: Danh mục & sản phẩm | E19: Sản phẩm Nháp → Publish → Inactive | F19: Backend | G19: Xử lý vòng đời sản phẩm: Nháp, Đã công bố và Ngừng kinh doanh. Cho sửa sản phẩm khi còn Nháp, kiểm tra đủ dữ liệu SKU và hạn sử dụng trước khi công bố. Chặn sửa thông tin đã khóa sau công bố và chặn đặt mới sản phẩm ngừng kinh doanh. | H19: High | I19: S1 | J19: {=IFERROR(TEXT(INDEX(Sprints!$B$5:$B$7,MATCH(I19,Sprints!$A$5:$A$7,0)),"dd/mm")&" – "&TEXT(INDEX(Sprints!$C$5:$C$7,MATCH(I19,Sprints!$A$5:$A$7,0)),"dd/mm"),"")} -> 19/10 – 01/11 | K19: Khiết | L19: To Do | M19: {=IFERROR(IF(AND(L19<>"Done",TODAY()>INDEX(Sprints!$C$5:$C$7,MATCH(I19,Sprints!$A$5:$A$7,0))),"Trễ",""),"")} | P19: Chốt 02/10
A20: F15-FE | B20: E2 | C20: Dữ liệu gốc | D20: Danh mục & sản phẩm | E20: Sản phẩm Nháp → Publish → Inactive | F20: Portal | G20: Làm danh sách và form sản phẩm gồm SKU, danh mục, quy cách, giá và hạn sử dụng. Có nút công bố hoặc ngừng kinh doanh theo trạng thái. Sau công bố khóa các trường không được sửa, hướng người dùng sang tạo bản mới khi cần thay đổi. | H20: High | I20: S1 | J20: {=IFERROR(TEXT(INDEX(Sprints!$B$5:$B$7,MATCH(I20,Sprints!$A$5:$A$7,0)),"dd/mm")&" – "&TEXT(INDEX(Sprints!$C$5:$C$7,MATCH(I20,Sprints!$A$5:$A$7,0)),"dd/mm"),"")} -> 19/10 – 01/11 | K20: Hoàng | L20: To Do | M20: {=IFERROR(IF(AND(L20<>"Done",TODAY()>INDEX(Sprints!$C$5:$C$7,MATCH(I20,Sprints!$A$5:$A$7,0))),"Trễ",""),"")} | P20: Chốt 02/10
A21: F16-BE | B21: E2 | C21: Dữ liệu gốc | D21: Danh mục & sản phẩm | E21: Clone sản phẩm để sửa | F21: Backend | G21: Cung cấp API sao chép thông tin sản phẩm đã có thành một sản phẩm Nháp với SKU mới. Không sao chép tồn kho, batch hoặc giao dịch của SKU cũ. Kiểm tra SKU mới không trùng trước khi lưu. | H21: High | I21: S1 | J21: {=IFERROR(TEXT(INDEX(Sprints!$B$5:$B$7,MATCH(I21,Sprints!$A$5:$A$7,0)),"dd/mm")&" – "&TEXT(INDEX(Sprints!$C$5:$C$7,MATCH(I21,Sprints!$A$5:$A$7,0)),"dd/mm"),"")} -> 19/10 – 01/11 | K21: Hải | L21: To Do | M21: {=IFERROR(IF(AND(L21<>"Done",TODAY()>INDEX(Sprints!$C$5:$C$7,MATCH(I21,Sprints!$A$5:$A$7,0))),"Trễ",""),"")}
A22: F16-FE | B22: E2 | C22: Dữ liệu gốc | D22: Danh mục & sản phẩm | E22: Clone sản phẩm để sửa | F22: Portal | G22: Thêm nút Tạo bản mới từ sản phẩm này trên chi tiết sản phẩm. Mở form điền sẵn thông tin có thể sao chép, yêu cầu SKU mới và cho chỉnh trước khi lưu Nháp. Hiển thị rõ bản mới là một sản phẩm riêng. | H22: High | I22: S1 | J22: {=IFERROR(TEXT(INDEX(Sprints!$B$5:$B$7,MATCH(I22,Sprints!$A$5:$A$7,0)),"dd/mm")&" – "&TEXT(INDEX(Sprints!$C$5:$C$7,MATCH(I22,Sprints!$A$5:$A$7,0)),"dd/mm"),"")} -> 19/10 – 01/11 | K22: Sơn | L22: To Do | M22: {=IFERROR(IF(AND(L22<>"Done",TODAY()>INDEX(Sprints!$C$5:$C$7,MATCH(I22,Sprints!$A$5:$A$7,0))),"Trễ",""),"")}
A23: F17-BE | B23: E2 | C23: Dữ liệu gốc | D23: Kho | E23: Quản lý kho | F23: Backend | G23: Cung cấp API quản lý kho: mã, tên, loại kho, địa chỉ, tọa độ, Thủ kho và ngưỡng tồn tối thiểu. Kiểm tra mã trùng và tọa độ hợp lệ. Dữ liệu kho được dùng để nhập hàng và phân bổ xuất trực tiếp tới retailer. | H23: High | I23: S1 | J23: {=IFERROR(TEXT(INDEX(Sprints!$B$5:$B$7,MATCH(I23,Sprints!$A$5:$A$7,0)),"dd/mm")&" – "&TEXT(INDEX(Sprints!$C$5:$C$7,MATCH(I23,Sprints!$A$5:$A$7,0)),"dd/mm"),"")} -> 19/10 – 01/11 | K23: Hải | L23: To Do | M23: {=IFERROR(IF(AND(L23<>"Done",TODAY()>INDEX(Sprints!$C$5:$C$7,MATCH(I23,Sprints!$A$5:$A$7,0))),"Trễ",""),"")}
A24: F17-FE | B24: E2 | C24: Dữ liệu gốc | D24: Kho | E24: Quản lý kho | F24: Portal | G24: Làm danh sách, chi tiết và form tạo/sửa kho trên Portal. Cho nhập địa chỉ, tọa độ, loại kho, Thủ kho và tồn tối thiểu. Hiển thị lỗi dữ liệu và trạng thái hoạt động của kho. | H24: High | I24: S1 | J24: {=IFERROR(TEXT(INDEX(Sprints!$B$5:$B$7,MATCH(I24,Sprints!$A$5:$A$7,0)),"dd/mm")&" – "&TEXT(INDEX(Sprints!$C$5:$C$7,MATCH(I24,Sprints!$A$5:$A$7,0)),"dd/mm"),"")} -> 19/10 – 01/11 | K24: Sơn | L24: To Do | M24: {=IFERROR(IF(AND(L24<>"Done",TODAY()>INDEX(Sprints!$C$5:$C$7,MATCH(I24,Sprints!$A$5:$A$7,0))),"Trễ",""),"")}
A25: F18-BE | B25: E2 | C25: Dữ liệu gốc | D25: Khu vực & retailer | E25: Khu vực & nhóm Sales | F25: Backend | G25: Cung cấp API quản lý khu vực bán hàng và nhóm Sales. Cho gán Sales vào nhóm/khu vực, lưu quan hệ quản lý của Sales Manager và kiểm tra dữ liệu trùng. Các quan hệ này được dùng để giới hạn danh sách retailer và đơn hàng. | H25: High | I25: S1 | J25: {=IFERROR(TEXT(INDEX(Sprints!$B$5:$B$7,MATCH(I25,Sprints!$A$5:$A$7,0)),"dd/mm")&" – "&TEXT(INDEX(Sprints!$C$5:$C$7,MATCH(I25,Sprints!$A$5:$A$7,0)),"dd/mm"),"")} -> 19/10 – 01/11 | K25: Hải | L25: To Do | M25: {=IFERROR(IF(AND(L25<>"Done",TODAY()>INDEX(Sprints!$C$5:$C$7,MATCH(I25,Sprints!$A$5:$A$7,0))),"Trễ",""),"")}
A26: F18-FE | B26: E2 | C26: Dữ liệu gốc | D26: Khu vực & retailer | E26: Khu vực & nhóm Sales | F26: Portal | G26: Làm màn Khu vực và nhóm Sales: danh sách, tạo/sửa và gán thành viên. Hiển thị Sales Manager, khu vực và Sales trong từng nhóm để người quản lý kiểm tra phân công. Lưu thay đổi qua API và báo lỗi cụ thể. | H26: High | I26: S1 | J26: {=IFERROR(TEXT(INDEX(Sprints!$B$5:$B$7,MATCH(I26,Sprints!$A$5:$A$7,0)),"dd/mm")&" – "&TEXT(INDEX(Sprints!$C$5:$C$7,MATCH(I26,Sprints!$A$5:$A$7,0)),"dd/mm"),"")} -> 19/10 – 01/11 | K26: Sơn | L26: To Do | M26: {=IFERROR(IF(AND(L26<>"Done",TODAY()>INDEX(Sprints!$C$5:$C$7,MATCH(I26,Sprints!$A$5:$A$7,0))),"Trễ",""),"")}
A27: F19-BE | B27: E2 | C27: Dữ liệu gốc | D27: Khu vực & retailer | E27: Hồ sơ retailer và thông tin tiềm năng | F27: Backend | G27: Quản lý hồ sơ retailer: tên, liên hệ, địa chỉ/GPS, khu vực, Sales phụ trách và thông tin tiềm năng như quy mô, doanh thu dự kiến, khả năng nhập. Liên kết hồ sơ với bộ MLOR theo Category/SKU của F22. Trả dữ liệu cho màn hai tab, kiểm tra trùng và phạm vi truy cập. | H27: High | I27: S1 | J27: {=IFERROR(TEXT(INDEX(Sprints!$B$5:$B$7,MATCH(I27,Sprints!$A$5:$A$7,0)),"dd/mm")&" – "&TEXT(INDEX(Sprints!$C$5:$C$7,MATCH(I27,Sprints!$A$5:$A$7,0)),"dd/mm"),"")} -> 19/10 – 01/11 | K27: Hải | L27: To Do | M27: {=IFERROR(IF(AND(L27<>"Done",TODAY()>INDEX(Sprints!$C$5:$C$7,MATCH(I27,Sprints!$A$5:$A$7,0))),"Trễ",""),"")} | P27: Hồ sơ retailer hai tab và MLOR Category/SKU: Backend Hải; Portal/Mobile Hoàng. F21-MB gồm phần nhập MLOR trên app, dùng API F22-BE.
A28: F19-FE | B28: E2 | C28: Dữ liệu gốc | D28: Khu vực & retailer | E28: Hồ sơ retailer và thông tin tiềm năng | F28: Portal | G28: Làm màn danh sách và chi tiết retailer trên Portal. Tab Thông tin chung gồm liên hệ, vị trí, quy mô và tiềm năng. Tab Yêu cầu hạn sử dụng tích hợp F22-FE để quản lý MLOR theo Category và SKU đặc thù. Có tìm kiếm/lọc và thao tác theo quyền. | H28: High | I28: S1 | J28: {=IFERROR(TEXT(INDEX(Sprints!$B$5:$B$7,MATCH(I28,Sprints!$A$5:$A$7,0)),"dd/mm")&" – "&TEXT(INDEX(Sprints!$C$5:$C$7,MATCH(I28,Sprints!$A$5:$A$7,0)),"dd/mm"),"")} -> 19/10 – 01/11 | K28: Hoàng | L28: To Do | M28: {=IFERROR(IF(AND(L28<>"Done",TODAY()>INDEX(Sprints!$C$5:$C$7,MATCH(I28,Sprints!$A$5:$A$7,0))),"Trễ",""),"")} | P28: Hồ sơ retailer hai tab và MLOR Category/SKU: Backend Hải; Portal/Mobile Hoàng. F21-MB gồm phần nhập MLOR trên app, dùng API F22-BE.
A29: F20-BE | B29: E2 | C29: Dữ liệu gốc | D29: Khu vực & retailer | E29: Hồ sơ retailer trong vùng trên app Sales | F29: Backend | G29: Trả danh sách và chi tiết retailer thuộc Sales đăng nhập, hỗ trợ tìm kiếm/lọc hoạt động. Dữ liệu gồm thông tin chung và MLOR theo Category/SKU từ F22 để tư vấn. Xác định phạm vi từ tài khoản, không tin mã Sales app truyền lên. | H29: High | I29: S1 | J29: {=IFERROR(TEXT(INDEX(Sprints!$B$5:$B$7,MATCH(I29,Sprints!$A$5:$A$7,0)),"dd/mm")&" – "&TEXT(INDEX(Sprints!$C$5:$C$7,MATCH(I29,Sprints!$A$5:$A$7,0)),"dd/mm"),"")} -> 19/10 – 01/11 | K29: Hải | L29: To Do | M29: {=IFERROR(IF(AND(L29<>"Done",TODAY()>INDEX(Sprints!$C$5:$C$7,MATCH(I29,Sprints!$A$5:$A$7,0))),"Trễ",""),"")} | P29: Hồ sơ retailer hai tab và MLOR Category/SKU: Backend Hải; Portal/Mobile Hoàng. F21-MB gồm phần nhập MLOR trên app, dùng API F22-BE.
A30: F20-MB | B30: E2 | C30: Dữ liệu gốc | D30: Khu vực & retailer | E30: Hồ sơ retailer trong vùng trên app Sales | F30: Mobile | G30: Làm danh sách retailer trong phạm vi Sales. Chi tiết có tab Thông tin chung và tab Yêu cầu hạn sử dụng, hiển thị MLOR theo Category cùng SKU ghi đè. Mở phần khai báo của F21-MB khi có quyền, mở tạo đơn khi retailer đã hoạt động. | H30: High | I30: S1 | J30: {=IFERROR(TEXT(INDEX(Sprints!$B$5:$B$7,MATCH(I30,Sprints!$A$5:$A$7,0)),"dd/mm")&" – "&TEXT(INDEX(Sprints!$C$5:$C$7,MATCH(I30,Sprints!$A$5:$A$7,0)),"dd/mm"),"")} -> 19/10 – 01/11 | K30: Hoàng | L30: To Do | M30: {=IFERROR(IF(AND(L30<>"Done",TODAY()>INDEX(Sprints!$C$5:$C$7,MATCH(I30,Sprints!$A$5:$A$7,0))),"Trễ",""),"")} | P30: Hồ sơ retailer hai tab và MLOR Category/SKU: Backend Hải; Portal/Mobile Hoàng. F21-MB gồm phần nhập MLOR trên app, dùng API F22-BE.
A31: F21-BE | B31: E2 | C31: Dữ liệu gốc | D31: Khu vực & retailer | E31: Sales khai báo retailer hai tab | F31: Backend | G31: Nhận yêu cầu khai báo retailer mới từ Sales gồm hai nhóm: hồ sơ chung và MLOR theo Category/SKU. Dùng bộ kiểm tra F22 để xác định dữ liệu hợp lệ. Lưu Chờ duyệt, cho duyệt/từ chối có lý do. Khi duyệt mới tạo retailer và cấu hình MLOR chính thức, chống tạo trùng. | H31: Medium | I31: S1 | J31: {=IFERROR(TEXT(INDEX(Sprints!$B$5:$B$7,MATCH(I31,Sprints!$A$5:$A$7,0)),"dd/mm")&" – "&TEXT(INDEX(Sprints!$C$5:$C$7,MATCH(I31,Sprints!$A$5:$A$7,0)),"dd/mm"),"")} -> 19/10 – 01/11 | K31: Hải | L31: To Do | M31: {=IFERROR(IF(AND(L31<>"Done",TODAY()>INDEX(Sprints!$C$5:$C$7,MATCH(I31,Sprints!$A$5:$A$7,0))),"Trễ",""),"")} | P31: Hồ sơ retailer hai tab và MLOR Category/SKU: Backend Hải; Portal/Mobile Hoàng. F21-MB gồm phần nhập MLOR trên app, dùng API F22-BE.
A32: F21-FE | B32: E2 | C32: Dữ liệu gốc | D32: Khu vực & retailer | E32: Sales khai báo retailer hai tab | F32: Portal | G32: Làm màn duyệt yêu cầu retailer trên Portal với hai tab: Thông tin chung và Yêu cầu hạn sử dụng. Hiển thị quy mô/tiềm năng, MLOR Category và SKU đặc thù, nguồn mức đang áp dụng. Cho duyệt/từ chối có lý do và hiện mã retailer sau duyệt. | H32: Medium | I32: S1 | J32: {=IFERROR(TEXT(INDEX(Sprints!$B$5:$B$7,MATCH(I32,Sprints!$A$5:$A$7,0)),"dd/mm")&" – "&TEXT(INDEX(Sprints!$C$5:$C$7,MATCH(I32,Sprints!$A$5:$A$7,0)),"dd/mm"),"")} -> 19/10 – 01/11 | K32: Hoàng | L32: To Do | M32: {=IFERROR(IF(AND(L32<>"Done",TODAY()>INDEX(Sprints!$C$5:$C$7,MATCH(I32,Sprints!$A$5:$A$7,0))),"Trễ",""),"")} | P32: Hồ sơ retailer hai tab và MLOR Category/SKU: Backend Hải; Portal/Mobile Hoàng. F21-MB gồm phần nhập MLOR trên app, dùng API F22-BE.
A33: F21-MB | B33: E2 | C33: Dữ liệu gốc | D33: Khu vực & retailer | E33: Sales khai báo retailer hai tab | F33: Mobile | G33: Làm phần Sales khai báo retailer qua hai tab. Thông tin chung nhập liên hệ, địa chỉ/GPS, quy mô và tiềm năng. Yêu cầu hạn sử dụng nhập MLOR theo Category hoặc SKU đặc thù. Hồ sơ mới gửi qua F21-BE để duyệt; retailer đã có dùng API F19/F22 theo quyền. Hiển thị mức SKU ghi đè Category và kết quả xử lý. | H33: Medium | I33: S1 | J33: {=IFERROR(TEXT(INDEX(Sprints!$B$5:$B$7,MATCH(I33,Sprints!$A$5:$A$7,0)),"dd/mm")&" – "&TEXT(INDEX(Sprints!$C$5:$C$7,MATCH(I33,Sprints!$A$5:$A$7,0)),"dd/mm"),"")} -> 19/10 – 01/11 | K33: Hoàng | L33: To Do | M33: {=IFERROR(IF(AND(L33<>"Done",TODAY()>INDEX(Sprints!$C$5:$C$7,MATCH(I33,Sprints!$A$5:$A$7,0))),"Trễ",""),"")} | P33: Hồ sơ retailer hai tab và MLOR Category/SKU: Backend Hải; Portal/Mobile Hoàng. F21-MB gồm phần nhập MLOR trên app, dùng API F22-BE.
A34: F22-BE | B34: E2 | C34: Dữ liệu gốc | D34: Khu vực & retailer | E34: MLOR retailer theo Category và SKU | F34: Backend | G34: Quản lý MLOR của retailer theo Category và SKU, dùng chung cho khai báo và hồ sơ đã duyệt. MLOR là % hạn sử dụng tối thiểu còn khi nhận hàng. Ưu tiên mức SKU riêng, rồi Category, rồi mặc định sản phẩm. Kiểm tỷ lệ hợp lệ, quyền cập nhật và trả cả mức lẫn nguồn áp dụng. Đơn được server nhận lưu bản MLOR đã áp dụng, cấu hình mới không âm thầm sửa đơn cũ. | H34: High | I34: S1 | J34: {=IFERROR(TEXT(INDEX(Sprints!$B$5:$B$7,MATCH(I34,Sprints!$A$5:$A$7,0)),"dd/mm")&" – "&TEXT(INDEX(Sprints!$C$5:$C$7,MATCH(I34,Sprints!$A$5:$A$7,0)),"dd/mm"),"")} -> 19/10 – 01/11 | K34: Hải | L34: To Do | M34: {=IFERROR(IF(AND(L34<>"Done",TODAY()>INDEX(Sprints!$C$5:$C$7,MATCH(I34,Sprints!$A$5:$A$7,0))),"Trễ",""),"")} | P34: Hồ sơ retailer hai tab và MLOR Category/SKU: Backend Hải; Portal/Mobile Hoàng. F21-MB gồm phần nhập MLOR trên app, dùng API F22-BE.
A35: F22-FE | B35: E2 | C35: Dữ liệu gốc | D35: Khu vực & retailer | E35: MLOR retailer theo Category và SKU | F35: Portal | G35: Làm tab Yêu cầu hạn sử dụng trong hồ sơ retailer. Cho cấu hình MLOR theo Category và bổ sung SKU đặc thù ghi đè. Hiển thị % áp dụng thực tế cùng nguồn SKU/Category/mặc định, cho xóa mức riêng để kế thừa. Giải thích % này kiểm lúc khách nhận, không phải % giảm giá. | H35: High | I35: S1 | J35: {=IFERROR(TEXT(INDEX(Sprints!$B$5:$B$7,MATCH(I35,Sprints!$A$5:$A$7,0)),"dd/mm")&" – "&TEXT(INDEX(Sprints!$C$5:$C$7,MATCH(I35,Sprints!$A$5:$A$7,0)),"dd/mm"),"")} -> 19/10 – 01/11 | K35: Hoàng | L35: To Do | M35: {=IFERROR(IF(AND(L35<>"Done",TODAY()>INDEX(Sprints!$C$5:$C$7,MATCH(I35,Sprints!$A$5:$A$7,0))),"Trễ",""),"")} | P35: Hồ sơ retailer hai tab và MLOR Category/SKU: Backend Hải; Portal/Mobile Hoàng. F21-MB gồm phần nhập MLOR trên app, dùng API F22-BE.
A36: F23-BE | B36: E2 | C36: Dữ liệu gốc | D36: Khu vực & retailer | E36: Kỳ hạn công nợ cho phép | F36: Backend | G36: Lưu kỳ hạn công nợ được phép cho từng retailer: không được mua công nợ hoặc 7, 14, 30 ngày. Khi tạo đơn công nợ phải kiểm tra retailer có được phép và lưu kỳ hạn áp dụng cho đơn. Thay đổi sau này không tự sửa kỳ hạn đơn cũ. | H36: High | I36: S1 | J36: {=IFERROR(TEXT(INDEX(Sprints!$B$5:$B$7,MATCH(I36,Sprints!$A$5:$A$7,0)),"dd/mm")&" – "&TEXT(INDEX(Sprints!$C$5:$C$7,MATCH(I36,Sprints!$A$5:$A$7,0)),"dd/mm"),"")} -> 19/10 – 01/11 | K36: Hải | L36: To Do | M36: {=IFERROR(IF(AND(L36<>"Done",TODAY()>INDEX(Sprints!$C$5:$C$7,MATCH(I36,Sprints!$A$5:$A$7,0))),"Trễ",""),"")}
A37: F23-FE | B37: E2 | C37: Dữ liệu gốc | D37: Khu vực & retailer | E37: Kỳ hạn công nợ cho phép | F37: Portal | G37: Thêm lựa chọn kỳ hạn công nợ trong form retailer trên Portal. Hiển thị Không cho phép hoặc số ngày được duyệt. Giải thích đây là số ngày tính từ khi đơn được nhận đủ, không phải số ngày kể từ lúc đặt. | H37: High | I37: S1 | J37: {=IFERROR(TEXT(INDEX(Sprints!$B$5:$B$7,MATCH(I37,Sprints!$A$5:$A$7,0)),"dd/mm")&" – "&TEXT(INDEX(Sprints!$C$5:$C$7,MATCH(I37,Sprints!$A$5:$A$7,0)),"dd/mm"),"")} -> 19/10 – 01/11 | K37: Sơn | L37: To Do | M37: {=IFERROR(IF(AND(L37<>"Done",TODAY()>INDEX(Sprints!$C$5:$C$7,MATCH(I37,Sprints!$A$5:$A$7,0))),"Trễ",""),"")}
A38: F24-BE | B38: E3 | C38: Bán hàng & đơn hàng | D38: Khuyến mãi & báo giá | E38: Khuyến mãi theo SKU / nhóm (KM) | F38: Backend | G38: Quản lý khuyến mãi thông thường theo SKU/nhóm: mức giảm, đối tượng, hiệu lực và tạm dừng. Tính giá cơ sở sau khuyến mãi hợp lệ khi lập/nhận đơn và lưu quy tắc áp dụng. Giá cơ sở này là đầu vào tính giảm HSD sau phân bổ ở F89, khuyến mãi không thay đổi MLOR. | H38: High | I38: S1 | J38: {=IFERROR(TEXT(INDEX(Sprints!$B$5:$B$7,MATCH(I38,Sprints!$A$5:$A$7,0)),"dd/mm")&" – "&TEXT(INDEX(Sprints!$C$5:$C$7,MATCH(I38,Sprints!$A$5:$A$7,0)),"dd/mm"),"")} -> 19/10 – 01/11 | K38: Nhân | L38: To Do | M38: {=IFERROR(IF(AND(L38<>"Done",TODAY()>INDEX(Sprints!$C$5:$C$7,MATCH(I38,Sprints!$A$5:$A$7,0))),"Trễ",""),"")}
A39: F24-FE | B39: E3 | C39: Bán hàng & đơn hàng | D39: Khuyến mãi & báo giá | E39: Khuyến mãi theo SKU / nhóm (KM) | F39: Portal | G39: Làm màn khuyến mãi thông thường theo SKU/nhóm, gồm danh sách, mức giảm, đối tượng, hiệu lực và tạm dừng. Ghi rõ đây là phần tính giá cơ sở khi đặt hàng. Bảng giảm thêm theo % HSD được quản lý riêng ở F46, không cấu hình MLOR trong khuyến mãi. | H39: High | I39: S1 | J39: {=IFERROR(TEXT(INDEX(Sprints!$B$5:$B$7,MATCH(I39,Sprints!$A$5:$A$7,0)),"dd/mm")&" – "&TEXT(INDEX(Sprints!$C$5:$C$7,MATCH(I39,Sprints!$A$5:$A$7,0)),"dd/mm"),"")} -> 19/10 – 01/11 | K39: Nhân | L39: To Do | M39: {=IFERROR(IF(AND(L39<>"Done",TODAY()>INDEX(Sprints!$C$5:$C$7,MATCH(I39,Sprints!$A$5:$A$7,0))),"Trễ",""),"")}
A40: F25-BE | B40: E3 | C40: Bán hàng & đơn hàng | D40: Khuyến mãi & báo giá | E40: Giá dự kiến trước phân bổ | F40: Backend | G40: Báo giá khi Sales tạo hoặc đồng bộ đơn: trả giá niêm yết, khuyến mãi thông thường hợp lệ, giá cơ sở sau khuyến mãi và tổng dự kiến. Chưa chọn batch nên chưa tính giảm HSD. Lưu phiên bản/điều kiện giá cơ sở khi server nhận đơn. Không giữ tồn hoặc cam kết mức giảm HSD trước đợt. | H40: High | I40: S1 | J40: {=IFERROR(TEXT(INDEX(Sprints!$B$5:$B$7,MATCH(I40,Sprints!$A$5:$A$7,0)),"dd/mm")&" – "&TEXT(INDEX(Sprints!$C$5:$C$7,MATCH(I40,Sprints!$A$5:$A$7,0)),"dd/mm"),"")} -> 19/10 – 01/11 | K40: Hải | L40: To Do | M40: {=IFERROR(IF(AND(L40<>"Done",TODAY()>INDEX(Sprints!$C$5:$C$7,MATCH(I40,Sprints!$A$5:$A$7,0))),"Trễ",""),"")} | P40: Chưa có batch: chưa tính giảm HSD. Giá cơ sở sau KM thường được server kiểm tra/lưu khi nhận đơn.
A41: F25-MB | B41: E3 | C41: Bán hàng & đơn hàng | D41: Khuyến mãi & báo giá | E41: Giá dự kiến trước phân bổ | F41: Mobile | G41: Hiện giá niêm yết, khuyến mãi thông thường, giá cơ sở và tổng dự kiến khi Sales soạn đơn. Ghi rõ giảm theo HSD chỉ biết sau phân bổ batch, chưa giữ hàng và chưa thu tiền trả trước. Offline hiển thị thời điểm dữ liệu giá, chờ server kiểm tra khi đồng bộ. | H41: High | I41: S1 | J41: {=IFERROR(TEXT(INDEX(Sprints!$B$5:$B$7,MATCH(I41,Sprints!$A$5:$A$7,0)),"dd/mm")&" – "&TEXT(INDEX(Sprints!$C$5:$C$7,MATCH(I41,Sprints!$A$5:$A$7,0)),"dd/mm"),"")} -> 19/10 – 01/11 | K41: Hoàng | L41: To Do | M41: {=IFERROR(IF(AND(L41<>"Done",TODAY()>INDEX(Sprints!$C$5:$C$7,MATCH(I41,Sprints!$A$5:$A$7,0))),"Trễ",""),"")} | P41: Chưa có batch: chưa tính giảm HSD. Giá cơ sở sau KM thường được server kiểm tra/lưu khi nhận đơn.
A42: F26-MB | B42: E3 | C42: Bán hàng & đơn hàng | D42: Khuyến mãi & báo giá | E42: Chọn SKU và xem giá dự kiến trên app Sales | F42: Mobile | G42: Làm màn sản phẩm cho Sales với tìm kiếm, giá cơ sở, khuyến mãi thông thường và số lượng đặt. Hiển thị MLOR áp dụng cho retailer từ Category/SKU. Không có tab đặt ưu đãi cận hạn hoặc checkbox hạ MLOR. Mức giảm theo HSD được xem trong kết quả sau phân bổ, không chọn trước batch trên màn này. | H42: High | I42: S1 | J42: {=IFERROR(TEXT(INDEX(Sprints!$B$5:$B$7,MATCH(I42,Sprints!$A$5:$A$7,0)),"dd/mm")&" – "&TEXT(INDEX(Sprints!$C$5:$C$7,MATCH(I42,Sprints!$A$5:$A$7,0)),"dd/mm"),"")} -> 19/10 – 01/11 | K42: Hoàng | L42: To Do | M42: {=IFERROR(IF(AND(L42<>"Done",TODAY()>INDEX(Sprints!$C$5:$C$7,MATCH(I42,Sprints!$A$5:$A$7,0))),"Trễ",""),"")}
A43: F27-BE | B43: E3 | C43: Bán hàng & đơn hàng | D43: Đặt đơn & đồng bộ | E43: Tạo đơn online | F43: Backend | G43: Tạo đơn online cho retailer hoạt động thuộc Sales phụ trách. Nhận SKU, lượng, địa chỉ, hạn nhận và thanh toán; lấy MLOR theo F22, giá cơ sở theo F25 và lưu bản điều kiện mỗi dòng. Lưu giờ server nhận, trạng thái Chờ duyệt. Không nhận MLOR ưu đãi riêng, không chọn batch hoặc giữ hàng khi đặt. | H43: High | I43: S1 | J43: {=IFERROR(TEXT(INDEX(Sprints!$B$5:$B$7,MATCH(I43,Sprints!$A$5:$A$7,0)),"dd/mm")&" – "&TEXT(INDEX(Sprints!$C$5:$C$7,MATCH(I43,Sprints!$A$5:$A$7,0)),"dd/mm"),"")} -> 19/10 – 01/11 | K43: Hải | L43: To Do | M43: {=IFERROR(IF(AND(L43<>"Done",TODAY()>INDEX(Sprints!$C$5:$C$7,MATCH(I43,Sprints!$A$5:$A$7,0))),"Trễ",""),"")}
A44: F27-MB | B44: E3 | C44: Bán hàng & đơn hàng | D44: Đặt đơn & đồng bộ | E44: Tạo đơn online | F44: Mobile | G44: Làm form Sales tạo đơn: retailer, SKU, lượng, hạn nhận và COD/trả trước/công nợ được phép. Hiện MLOR lấy từ hồ sơ và tổng tiền dự kiến từ F25, không cho tùy ý hạ MLOR tại dòng đơn. Sau gửi hiện trạng thái Chờ duyệt; mức giảm HSD và giá chính thức sẽ có sau phân bổ/duyệt. | H44: High | I44: S1 | J44: {=IFERROR(TEXT(INDEX(Sprints!$B$5:$B$7,MATCH(I44,Sprints!$A$5:$A$7,0)),"dd/mm")&" – "&TEXT(INDEX(Sprints!$C$5:$C$7,MATCH(I44,Sprints!$A$5:$A$7,0)),"dd/mm"),"")} -> 19/10 – 01/11 | K44: Sơn | L44: To Do | M44: {=IFERROR(IF(AND(L44<>"Done",TODAY()>INDEX(Sprints!$C$5:$C$7,MATCH(I44,Sprints!$A$5:$A$7,0))),"Trễ",""),"")}
A45: F28-BE | B45: E3 | C45: Bán hàng & đơn hàng | D45: Đặt đơn & đồng bộ | E45: Chặn đặt trái vùng | F45: Backend | G45: Khi Sales tạo hoặc đồng bộ đơn, kiểm tra retailer thuộc phạm vi được giao và đang hoạt động. Từ chối truy cập ngoài phạm vi kể cả khi client sửa mã retailer. Trả lý do để app hướng người dùng xử lý. | H45: High | I45: S1 | J45: {=IFERROR(TEXT(INDEX(Sprints!$B$5:$B$7,MATCH(I45,Sprints!$A$5:$A$7,0)),"dd/mm")&" – "&TEXT(INDEX(Sprints!$C$5:$C$7,MATCH(I45,Sprints!$A$5:$A$7,0)),"dd/mm"),"")} -> 19/10 – 01/11 | K45: Hải | L45: To Do | M45: {=IFERROR(IF(AND(L45<>"Done",TODAY()>INDEX(Sprints!$C$5:$C$7,MATCH(I45,Sprints!$A$5:$A$7,0))),"Trễ",""),"")} | P45: Chốt 02/10
A46: F28-MB | B46: E3 | C46: Bán hàng & đơn hàng | D46: Đặt đơn & đồng bộ | E46: Chặn đặt trái vùng | F46: Mobile | G46: Chỉ cho Sales mở thao tác đặt hàng cho retailer được phép. Khi retailer ngoài phạm vi hoặc không còn hoạt động, khóa thao tác và giải thích lý do. Vẫn hiển thị thông báo nếu server phát hiện quyền đã thay đổi sau lần tải dữ liệu. | H46: High | I46: S1 | J46: {=IFERROR(TEXT(INDEX(Sprints!$B$5:$B$7,MATCH(I46,Sprints!$A$5:$A$7,0)),"dd/mm")&" – "&TEXT(INDEX(Sprints!$C$5:$C$7,MATCH(I46,Sprints!$A$5:$A$7,0)),"dd/mm"),"")} -> 19/10 – 01/11 | K46: Sơn | L46: To Do | M46: {=IFERROR(IF(AND(L46<>"Done",TODAY()>INDEX(Sprints!$C$5:$C$7,MATCH(I46,Sprints!$A$5:$A$7,0))),"Trễ",""),"")} | P46: Chốt 02/10
A47: F29-BE | B47: E3 | C47: Bán hàng & đơn hàng | D47: Đặt đơn & đồng bộ | E47: Snapshot dữ liệu cho app | F47: Backend | G47: Cung cấp dữ liệu offline gồm retailer được giao, thông tin chung, MLOR Category/SKU/mặc định, sản phẩm, giá cơ sở, khuyến mãi và tồn tham khảo. Có thời điểm/phiên bản cập nhật. Không cấp danh mục ưu đãi có MLOR riêng hoặc cam kết giá theo batch trước khi phân bổ. | H47: High | I47: S2 | J47: {=IFERROR(TEXT(INDEX(Sprints!$B$5:$B$7,MATCH(I47,Sprints!$A$5:$A$7,0)),"dd/mm")&" – "&TEXT(INDEX(Sprints!$C$5:$C$7,MATCH(I47,Sprints!$A$5:$A$7,0)),"dd/mm"),"")} -> 02/11 – 15/11 | K47: Hải | L47: To Do | M47: {=IFERROR(IF(AND(L47<>"Done",TODAY()>INDEX(Sprints!$C$5:$C$7,MATCH(I47,Sprints!$A$5:$A$7,0))),"Trễ",""),"")}
A48: F29-MB | B48: E3 | C48: Bán hàng & đơn hàng | D48: Đặt đơn & đồng bộ | E48: Snapshot dữ liệu cho app | F48: Mobile | G48: Lưu SQLite dữ liệu retailer, MLOR Category/SKU, sản phẩm và giá cơ sở để Sales tư vấn/lập đơn offline. Hiện thời điểm dữ liệu và mức MLOR được kế thừa. Không tính chắc giảm HSD từ tồn lưu trên máy, không coi tồn tham khảo là hàng đã giữ. | H48: High | I48: S2 | J48: {=IFERROR(TEXT(INDEX(Sprints!$B$5:$B$7,MATCH(I48,Sprints!$A$5:$A$7,0)),"dd/mm")&" – "&TEXT(INDEX(Sprints!$C$5:$C$7,MATCH(I48,Sprints!$A$5:$A$7,0)),"dd/mm"),"")} -> 02/11 – 15/11 | K48: Sơn | L48: To Do | M48: {=IFERROR(IF(AND(L48<>"Done",TODAY()>INDEX(Sprints!$C$5:$C$7,MATCH(I48,Sprints!$A$5:$A$7,0))),"Trễ",""),"")}
A49: F30-BE | B49: E3 | C49: Bán hàng & đơn hàng | D49: Đặt đơn & đồng bộ | E49: Đơn offline + đồng bộ | F49: Backend | G49: Nhận đơn offline chống trùng bằng mã yêu cầu. Kiểm quyền, dữ liệu, MLOR theo hồ sơ và giá cơ sở hiện hợp lệ. Nếu điều kiện khác dữ liệu Sales đã dùng, trả để xác nhận lại trước khi nhận đơn. Lưu giờ server chấp nhận làm ưu tiên/cutoff và bản điều kiện dòng. Chưa giữ hàng, chưa tính giảm HSD, không từ chối chỉ vì tồn tức thời thiếu. | H49: High | I49: S2 | J49: {=IFERROR(TEXT(INDEX(Sprints!$B$5:$B$7,MATCH(I49,Sprints!$A$5:$A$7,0)),"dd/mm")&" – "&TEXT(INDEX(Sprints!$C$5:$C$7,MATCH(I49,Sprints!$A$5:$A$7,0)),"dd/mm"),"")} -> 02/11 – 15/11 | K49: Khiết | L49: To Do | M49: {=IFERROR(IF(AND(L49<>"Done",TODAY()>INDEX(Sprints!$C$5:$C$7,MATCH(I49,Sprints!$A$5:$A$7,0))),"Trễ",""),"")}
A50: F30-MB | B50: E3 | C50: Bán hàng & đơn hàng | D50: Đặt đơn & đồng bộ | E50: Đơn offline + đồng bộ | F50: Mobile | G50: Lưu đơn vào hàng đợi SQLite và tự gửi khi có mạng, giữ cùng mã yêu cầu qua các lần thử. Hiện đang gửi/thành công/lỗi. Nếu server báo thay đổi MLOR hoặc giá cơ sở, cho Sales kiểm tra và xác nhận điều kiện trước khi gửi lại. Không có xác nhận ưu đãi MLOR riêng và không tự chốt giảm HSD offline. | H50: High | I50: S2 | J50: {=IFERROR(TEXT(INDEX(Sprints!$B$5:$B$7,MATCH(I50,Sprints!$A$5:$A$7,0)),"dd/mm")&" – "&TEXT(INDEX(Sprints!$C$5:$C$7,MATCH(I50,Sprints!$A$5:$A$7,0)),"dd/mm"),"")} -> 02/11 – 15/11 | K50: Hoàng | L50: To Do | M50: {=IFERROR(IF(AND(L50<>"Done",TODAY()>INDEX(Sprints!$C$5:$C$7,MATCH(I50,Sprints!$A$5:$A$7,0))),"Trễ",""),"")}
A51: F31-MB | B51: E3 | C51: Bán hàng & đơn hàng | D51: Đặt đơn & đồng bộ | E51: Màn Đồng bộ 3 tab | F51: Mobile | G51: Làm màn Đồng bộ với ba tab Chưa đồng bộ, Đang đồng bộ và Đã đồng bộ. Mỗi dòng hiển thị retailer, thời gian, tổng tiền dự kiến và kết quả gửi. Cho xem lỗi, sửa/gửi lại khi phù hợp, không tạo thêm đơn mới khi chỉ thử gửi lại cùng yêu cầu. | H51: High | I51: S2 | J51: {=IFERROR(TEXT(INDEX(Sprints!$B$5:$B$7,MATCH(I51,Sprints!$A$5:$A$7,0)),"dd/mm")&" – "&TEXT(INDEX(Sprints!$C$5:$C$7,MATCH(I51,Sprints!$A$5:$A$7,0)),"dd/mm"),"")} -> 02/11 – 15/11 | K51: Hoàng | L51: To Do | M51: {=IFERROR(IF(AND(L51<>"Done",TODAY()>INDEX(Sprints!$C$5:$C$7,MATCH(I51,Sprints!$A$5:$A$7,0))),"Trễ",""),"")} | P51: Chốt 02/10
A52: F32-BE | B52: E3 | C52: Bán hàng & đơn hàng | D52: Đặt đơn & đồng bộ | E52: Đơn của Sales trên app | F52: Backend | G52: Cung cấp API danh sách và chi tiết đơn thuộc Sales đăng nhập. Trả trạng thái duyệt đơn, đợt phân bổ, giá dự kiến/chính thức và tiến độ từng phần giao theo kho. Chỉ trả đơn trong quyền của Sales và hỗ trợ lọc/tìm kiếm. | H52: High | I52: S1 | J52: {=IFERROR(TEXT(INDEX(Sprints!$B$5:$B$7,MATCH(I52,Sprints!$A$5:$A$7,0)),"dd/mm")&" – "&TEXT(INDEX(Sprints!$C$5:$C$7,MATCH(I52,Sprints!$A$5:$A$7,0)),"dd/mm"),"")} -> 19/10 – 01/11 | K52: Hải | L52: To Do | M52: {=IFERROR(IF(AND(L52<>"Done",TODAY()>INDEX(Sprints!$C$5:$C$7,MATCH(I52,Sprints!$A$5:$A$7,0))),"Trễ",""),"")}
A53: F32-MB | B53: E3 | C53: Bán hàng & đơn hàng | D53: Đặt đơn & đồng bộ | E53: Đơn của Sales trên app | F53: Mobile | G53: Làm danh sách và chi tiết đơn của Sales trên app. Hiển thị tiến trình từ gửi, duyệt, chờ đợt, phân bổ, xuất đến nhận hàng, kèm giá và lý do thiếu/từ chối. Tích hợp kết quả đợt và thao tác gửi lại từ F90 thay vì tự xử lý ưu tiên ở app. | H53: High | I53: S1 | J53: {=IFERROR(TEXT(INDEX(Sprints!$B$5:$B$7,MATCH(I53,Sprints!$A$5:$A$7,0)),"dd/mm")&" – "&TEXT(INDEX(Sprints!$C$5:$C$7,MATCH(I53,Sprints!$A$5:$A$7,0)),"dd/mm"),"")} -> 19/10 – 01/11 | K53: Hoàng | L53: To Do | M53: {=IFERROR(IF(AND(L53<>"Done",TODAY()>INDEX(Sprints!$C$5:$C$7,MATCH(I53,Sprints!$A$5:$A$7,0))),"Trễ",""),"")}
A54: F33-BE | B54: E3 | C54: Bán hàng & đơn hàng | D54: Phân bổ & duyệt đơn | E54: Thuật toán phân bổ theo đợt (lọc + chấm điểm) | F54: Backend | G54: Gom tra cứu theo SKU nhưng giữ từng dòng đơn với MLOR, hạn nhận và ưu tiên giờ server/mã đơn. MLOR dùng bản SKU/Category/mặc định đã lưu. Lọc batch hợp lệ tại ETA, chấm trọng số mặc định hạn còn 50%, khoảng cách 30%, mức đáp ứng lượng 20%; chọn điểm cao và tính lại khi lấy lượng từ quỹ chung. Giảm HSD không tham gia điểm chọn. Sau đổi batch vẫn thiếu một dòng thì trả toàn bộ lượng tạm của đơn; chỉ đơn đủ sang tính giá F89. | H54: High | I54: S2 | J54: {=IFERROR(TEXT(INDEX(Sprints!$B$5:$B$7,MATCH(I54,Sprints!$A$5:$A$7,0)),"dd/mm")&" – "&TEXT(INDEX(Sprints!$C$5:$C$7,MATCH(I54,Sprints!$A$5:$A$7,0)),"dd/mm"),"")} -> 02/11 – 15/11 | K54: Nhân | L54: To Do | M54: {=IFERROR(IF(AND(L54<>"Done",TODAY()>INDEX(Sprints!$C$5:$C$7,MATCH(I54,Sprints!$A$5:$A$7,0))),"Trễ",""),"")} | P54: Giảm giá không làm batch đạt MLOR và không tham gia điểm chọn batch.
A55: F35-BE | B55: E3 | C55: Bán hàng & đơn hàng | D55: Phân bổ & duyệt đơn | E55: Giải thích chọn batch và truy vết phân bổ | F55: Backend | G55: Lưu giải thích từng dòng: MLOR áp dụng và nguồn SKU/Category/mặc định, hạn còn tại ETA, batch được xét, lý do loại, điểm và lượng chọn. Ghi thử đổi batch, giới hạn dừng và lý do thiếu. Liên kết kết quả giá của F98 để tra cứu nhưng tách lý do chọn batch khỏi lý do giảm giá. Gắn đúng phiên bản phương án. | H55: High | I55: S2 | J55: {=IFERROR(TEXT(INDEX(Sprints!$B$5:$B$7,MATCH(I55,Sprints!$A$5:$A$7,0)),"dd/mm")&" – "&TEXT(INDEX(Sprints!$C$5:$C$7,MATCH(I55,Sprints!$A$5:$A$7,0)),"dd/mm"),"")} -> 02/11 – 15/11 | K55: Nhân | L55: To Do | M55: {=IFERROR(IF(AND(L55<>"Done",TODAY()>INDEX(Sprints!$C$5:$C$7,MATCH(I55,Sprints!$A$5:$A$7,0))),"Trễ",""),"")} | P55: Nguồn MLOR theo Category/SKU; giá sau phân bổ dùng bản lưu F98.
A56: F35-FE | B56: E3 | C56: Bán hàng & đơn hàng | D56: Phân bổ & duyệt đơn | E56: Giải thích chọn batch và truy vết phân bổ | F56: Portal | G56: Làm phần giải thích trên đợt/đơn: nguồn MLOR, điều kiện tại lúc nhận, các batch bị loại/chọn, điểm và lượng. Hiển thị lịch sử đổi batch. Liên kết chi tiết giá trước/sau giảm và quy tắc HSD từ F98, giải thích chọn batch trước rồi mới định giá. | H56: High | I56: S2 | J56: {=IFERROR(TEXT(INDEX(Sprints!$B$5:$B$7,MATCH(I56,Sprints!$A$5:$A$7,0)),"dd/mm")&" – "&TEXT(INDEX(Sprints!$C$5:$C$7,MATCH(I56,Sprints!$A$5:$A$7,0)),"dd/mm"),"")} -> 02/11 – 15/11 | K56: Nhân | L56: To Do | M56: {=IFERROR(IF(AND(L56<>"Done",TODAY()>INDEX(Sprints!$C$5:$C$7,MATCH(I56,Sprints!$A$5:$A$7,0))),"Trễ",""),"")} | P56: Nguồn MLOR theo Category/SKU; giá sau phân bổ dùng bản lưu F98.
A57: F36-BE | B57: E3 | C57: Bán hàng & đơn hàng | D57: Phân bổ & duyệt đơn | E57: Duyệt / từ chối đơn trước cutoff | F57: Backend | G57: Cho Admin/Operator kiểm tra và duyệt hoặc từ chối đơn trước khi phân bổ, lưu người xử lý và lý do. Đơn được duyệt chuyển Chờ phân bổ, chưa giữ tồn. Muốn vào đợt 12:00 thì server đã nhận và việc duyệt phải hoàn tất trước 12:00. Đây là duyệt đơn, khác duyệt phương án ở F87. | H57: High | I57: S1 | J57: {=IFERROR(TEXT(INDEX(Sprints!$B$5:$B$7,MATCH(I57,Sprints!$A$5:$A$7,0)),"dd/mm")&" – "&TEXT(INDEX(Sprints!$C$5:$C$7,MATCH(I57,Sprints!$A$5:$A$7,0)),"dd/mm"),"")} -> 19/10 – 01/11 | K57: Nhân | L57: To Do | M57: {=IFERROR(IF(AND(L57<>"Done",TODAY()>INDEX(Sprints!$C$5:$C$7,MATCH(I57,Sprints!$A$5:$A$7,0))),"Trễ",""),"")}
A58: F36-FE | B58: E3 | C58: Bán hàng & đơn hàng | D58: Phân bổ & duyệt đơn | E58: Duyệt / từ chối đơn trước cutoff | F58: Portal | G58: Làm màn đơn Chờ duyệt gồm retailer, SKU/lượng, giá cơ sở dự kiến, MLOR và nguồn Category/SKU, hạn nhận, thanh toán. Người có quyền duyệt/từ chối có lý do trước giờ chốt. Ghi rõ đây là duyệt yêu cầu đặt hàng, giá giảm HSD chưa được xác định ở bước này. | H58: High | I58: S1 | J58: {=IFERROR(TEXT(INDEX(Sprints!$B$5:$B$7,MATCH(I58,Sprints!$A$5:$A$7,0)),"dd/mm")&" – "&TEXT(INDEX(Sprints!$C$5:$C$7,MATCH(I58,Sprints!$A$5:$A$7,0)),"dd/mm"),"")} -> 19/10 – 01/11 | K58: Nhân | L58: To Do | M58: {=IFERROR(IF(AND(L58<>"Done",TODAY()>INDEX(Sprints!$C$5:$C$7,MATCH(I58,Sprints!$A$5:$A$7,0))),"Trễ",""),"")}
A59: F37-BE | B59: E3 | C59: Bán hàng & đơn hàng | D59: Phân bổ & duyệt đơn | E59: Danh sách & chi tiết đơn (Portal) | F59: Backend | G59: Trả danh sách/chi tiết đơn theo quyền và bộ lọc. Ngoài dòng hàng, lịch sử, đợt, phiếu soạn và phần giao theo kho, trả phân bổ từng batch với giá cơ sở, giảm HSD, giá cuối và nguồn quy tắc từ F98. Tổng đơn phải khớp tổng các phần phân bổ, không làm mất chi tiết khi cùng SKU có nhiều giá. | H59: High | I59: S1 | J59: {=IFERROR(TEXT(INDEX(Sprints!$B$5:$B$7,MATCH(I59,Sprints!$A$5:$A$7,0)),"dd/mm")&" – "&TEXT(INDEX(Sprints!$C$5:$C$7,MATCH(I59,Sprints!$A$5:$A$7,0)),"dd/mm"),"")} -> 19/10 – 01/11 | K59: Hải | L59: To Do | M59: {=IFERROR(IF(AND(L59<>"Done",TODAY()>INDEX(Sprints!$C$5:$C$7,MATCH(I59,Sprints!$A$5:$A$7,0))),"Trễ",""),"")}
A60: F37-FE | B60: E3 | C60: Bán hàng & đơn hàng | D60: Phân bổ & duyệt đơn | E60: Danh sách & chi tiết đơn (Portal) | F60: Portal | G60: Làm danh sách và chi tiết đơn trên Portal. Hiện giá dự kiến trước đợt, giá chính thức sau duyệt và các phần theo kho. Mở rộng từng SKU để xem batch, lượng, giá trước/sau giảm và lý do giảm do F98 cung cấp. Giữ đường dẫn tới duyệt đợt, soạn và thanh toán theo quyền. | H60: High | I60: S1 | J60: {=IFERROR(TEXT(INDEX(Sprints!$B$5:$B$7,MATCH(I60,Sprints!$A$5:$A$7,0)),"dd/mm")&" – "&TEXT(INDEX(Sprints!$C$5:$C$7,MATCH(I60,Sprints!$A$5:$A$7,0)),"dd/mm"),"")} -> 19/10 – 01/11 | K60: Hải | L60: To Do | M60: {=IFERROR(IF(AND(L60<>"Done",TODAY()>INDEX(Sprints!$C$5:$C$7,MATCH(I60,Sprints!$A$5:$A$7,0))),"Trễ",""),"")}
A61: F38-BE | B61: E3 | C61: Bán hàng & đơn hàng | D61: Phân bổ & duyệt đơn | E61: Cấu hình trọng số phân bổ | F61: Backend | G61: Lưu cấu hình trọng số hạn sử dụng, khoảng cách, khả năng đáp ứng lượng và bán kính giao tối đa. Kiểm tra trọng số không âm, tổng bằng 1 và bán kính dương. Mặc định 0,5 / 0,3 / 0,2 và 20 km. Mỗi đợt lưu bản cấu hình đã dùng để kết quả có thể giải thích lại. | H61: Medium | I61: S3 | J61: {=IFERROR(TEXT(INDEX(Sprints!$B$5:$B$7,MATCH(I61,Sprints!$A$5:$A$7,0)),"dd/mm")&" – "&TEXT(INDEX(Sprints!$C$5:$C$7,MATCH(I61,Sprints!$A$5:$A$7,0)),"dd/mm"),"")} -> 16/11 – 22/11 | K61: Nhân | L61: To Do | M61: {=IFERROR(IF(AND(L61<>"Done",TODAY()>INDEX(Sprints!$C$5:$C$7,MATCH(I61,Sprints!$A$5:$A$7,0))),"Trễ",""),"")}
A62: F38-FE | B62: E3 | C62: Bán hàng & đơn hàng | D62: Phân bổ & duyệt đơn | E62: Cấu hình trọng số phân bổ | F62: Portal | G62: Làm mục cấu hình thuật toán trên Portal, có tên dễ hiểu cho ba trọng số và bán kính giao. Hiển thị mặc định và chặn lưu nếu tổng trọng số khác 100%. Giải thích tăng trọng số làm yếu tố đó ảnh hưởng nhiều hơn, không thay thế các điều kiện bắt buộc về MLOR và hạn giao. | H62: Medium | I62: S3 | J62: {=IFERROR(TEXT(INDEX(Sprints!$B$5:$B$7,MATCH(I62,Sprints!$A$5:$A$7,0)),"dd/mm")&" – "&TEXT(INDEX(Sprints!$C$5:$C$7,MATCH(I62,Sprints!$A$5:$A$7,0)),"dd/mm"),"")} -> 16/11 – 22/11 | K62: Nhân | L62: To Do | M62: {=IFERROR(IF(AND(L62<>"Done",TODAY()>INDEX(Sprints!$C$5:$C$7,MATCH(I62,Sprints!$A$5:$A$7,0))),"Trễ",""),"")}
A63: F85-BE | B63: E3 | C63: Bán hàng & đơn hàng | D63: Đợt phân bổ 12h | E63: Chốt đợt lúc 12:00 | F63: Backend | G63: Job 12:00 giờ Việt Nam tạo đợt duy nhất và chống chạy trùng. Chốt đơn được server nhận và duyệt trước cutoff, lưu quỹ tồn, bản MLOR/giá cơ sở từng dòng và cấu hình thuật toán. Gom theo SKU nhưng không làm mất điều kiện từng đơn. Chạy chọn/đổi batch, rồi gọi F89 tính giá phương án cho đơn đủ. Chưa giữ tồn trước Admin duyệt. | H63: High | I63: S2 | J63: {=IFERROR(TEXT(INDEX(Sprints!$B$5:$B$7,MATCH(I63,Sprints!$A$5:$A$7,0)),"dd/mm")&" – "&TEXT(INDEX(Sprints!$C$5:$C$7,MATCH(I63,Sprints!$A$5:$A$7,0)),"dd/mm"),"")} -> 02/11 – 15/11 | K63: Nhân | L63: To Do | M63: {=IFERROR(IF(AND(L63<>"Done",TODAY()>INDEX(Sprints!$C$5:$C$7,MATCH(I63,Sprints!$A$5:$A$7,0))),"Trễ",""),"")} | P63: D7; chọn batch xong mới tính giảm theo HSD trong cùng phiên bản phương án.
A64: F86-BE | B64: E3 | C64: Bán hàng & đơn hàng | D64: Đợt phân bổ 12h | E64: Đổi batch một cấp | F64: Backend | G64: Khi C thiếu batch B đang cấp tạm cho A, thử chuyển A sang batch D có lượng chưa cấp, đạt MLOR/hạn nhận/khoảng cách của A rồi nhường B cho C. Giữ A đủ mọi dòng, không lấy lượng D đã cấp cho E và không đổi dây chuyền. Mặc định tối đa 20 lần xét mỗi dòng thiếu, kể cả thất bại, có log/điều kiện dừng. Sau đổi tính lại giá HSD của các phần bị ảnh hưởng trước khi trình duyệt. | H64: High | I64: S2 | J64: {=IFERROR(TEXT(INDEX(Sprints!$B$5:$B$7,MATCH(I64,Sprints!$A$5:$A$7,0)),"dd/mm")&" – "&TEXT(INDEX(Sprints!$C$5:$C$7,MATCH(I64,Sprints!$A$5:$A$7,0)),"dd/mm"),"")} -> 02/11 – 15/11 | K64: Nhân | L64: To Do | M64: {=IFERROR(IF(AND(L64<>"Done",TODAY()>INDEX(Sprints!$C$5:$C$7,MATCH(I64,Sprints!$A$5:$A$7,0))),"Trễ",""),"")} | P64: D2, D3; chỉ đổi sang lượng chưa cấp. Đổi batch phải tính lại giá trước duyệt.
A65: F87-BE | B65: E3 | C65: Bán hàng & đơn hàng | D65: Đợt phân bổ 12h | E65: Admin duyệt phương án hàng và giá | F65: Backend | G65: Lưu phiên bản phương án gồm đơn đủ/thiếu, batch/kho/lượng, kết quả MLOR và chi tiết giá sau F89. Cho Admin duyệt cả phương án hàng và giá hoặc yêu cầu tính lại có lý do. Nếu batch/giá thay đổi phải tạo phiên bản để duyệt lại. Nhắc/hạn duyệt theo cấu hình, không tự duyệt; chỉ phiên bản được duyệt mới sang giữ tồn F88. | H65: High | I65: S2 | J65: {=IFERROR(TEXT(INDEX(Sprints!$B$5:$B$7,MATCH(I65,Sprints!$A$5:$A$7,0)),"dd/mm")&" – "&TEXT(INDEX(Sprints!$C$5:$C$7,MATCH(I65,Sprints!$A$5:$A$7,0)),"dd/mm"),"")} -> 02/11 – 15/11 | K65: Nhân | L65: To Do | M65: {=IFERROR(IF(AND(L65<>"Done",TODAY()>INDEX(Sprints!$C$5:$C$7,MATCH(I65,Sprints!$A$5:$A$7,0))),"Trễ",""),"")} | P65: D1; duyệt cả phân bổ và giá. Không tự duyệt sau hạn.
A66: F87-FE | B66: E3 | C66: Bán hàng & đơn hàng | D66: Đợt phân bổ 12h | E66: Admin duyệt phương án hàng và giá | F66: Portal | G66: Làm màn Admin duyệt đợt với tổng đơn đủ/thiếu và tổng tiền. Mở từng SKU/batch để xem lượng, MLOR tại ETA, giá cơ sở, % HSD tính giá, quy tắc/mức giảm và giá cuối. Có Duyệt phương án hoặc Yêu cầu tính lại kèm lý do, hiển thị phiên bản. Duyệt bao gồm cả phân bổ và giá, không sửa batch tùy ý. | H66: High | I66: S2 | J66: {=IFERROR(TEXT(INDEX(Sprints!$B$5:$B$7,MATCH(I66,Sprints!$A$5:$A$7,0)),"dd/mm")&" – "&TEXT(INDEX(Sprints!$C$5:$C$7,MATCH(I66,Sprints!$A$5:$A$7,0)),"dd/mm"),"")} -> 02/11 – 15/11 | K66: Nhân | L66: To Do | M66: {=IFERROR(IF(AND(L66<>"Done",TODAY()>INDEX(Sprints!$C$5:$C$7,MATCH(I66,Sprints!$A$5:$A$7,0))),"Trễ",""),"")} | P66: D1; duyệt cả phân bổ và giá. Không tự duyệt sau hạn.
A67: F88-BE | B67: E3 | C67: Bán hàng & đơn hàng | D67: Đợt phân bổ 12h | E67: Reserve nguyên tử khi duyệt đợt | F67: Backend | G67: Khi Admin duyệt, kiểm lại tồn/version/batch, ETA đạt MLOR và đúng bản giá phương án. Giá HSD dùng mốc định giá đã lưu, không tự thay chỉ vì thời gian trôi. Nếu phải đổi batch hoặc phương án thì tính lại giá và duyệt lại. Giữ tồn các đơn đủ trong cùng giao dịch, thành công toàn bộ hoặc hoàn tác. Chống giữ trùng, thử lại hữu hạn mặc định 3 lần; chưa giảm OnHand. | H67: High | I67: S2 | J67: {=IFERROR(TEXT(INDEX(Sprints!$B$5:$B$7,MATCH(I67,Sprints!$A$5:$A$7,0)),"dd/mm")&" – "&TEXT(INDEX(Sprints!$C$5:$C$7,MATCH(I67,Sprints!$A$5:$A$7,0)),"dd/mm"),"")} -> 02/11 – 15/11 | K67: Nhân | L67: To Do | M67: {=IFERROR(IF(AND(L67<>"Done",TODAY()>INDEX(Sprints!$C$5:$C$7,MATCH(I67,Sprints!$A$5:$A$7,0))),"Trễ",""),"")} | P67: D1; giữ tồn sau duyệt đúng phiên bản hàng/giá, thay đổi thì trình duyệt lại.
A68: F89-BE | B68: E3 | C68: Bán hàng & đơn hàng | D68: Đợt phân bổ 12h | E68: Tính giảm HSD sau chọn batch và chốt giá | F68: Backend | G68: Sau khi chọn/đổi batch ổn định, lấy một mốc định giá chung cho phiên bản phương án. Tính % HSD = thời gian từ mốc đó tới HSD / tổng hạn sử dụng x 100, tra một quy tắc F46 hợp lệ cho SKU. Giảm % hoặc tiền cố định trên giá cơ sở sau KM thường đã lưu, giá cuối không âm; không cộng nhiều bậc HSD. Không khớp thì giảm HSD bằng 0. Tổng hợp từ các phần SKU/batch và ghi F98. Admin duyệt mới chốt chính thức; đổi batch phải tính lại. | H68: High | I68: S2 | J68: {=IFERROR(TEXT(INDEX(Sprints!$B$5:$B$7,MATCH(I68,Sprints!$A$5:$A$7,0)),"dd/mm")&" – "&TEXT(INDEX(Sprints!$C$5:$C$7,MATCH(I68,Sprints!$A$5:$A$7,0)),"dd/mm"),"")} -> 02/11 – 15/11 | K68: Nhân | L68: To Do | M68: {=IFERROR(IF(AND(L68<>"Done",TODAY()>INDEX(Sprints!$C$5:$C$7,MATCH(I68,Sprints!$A$5:$A$7,0))),"Trễ",""),"")} | P68: Tính giá sau chọn batch và tổng tiền đơn. Backend/Portal Nhân; Mobile Sơn. F89 hiển thị tổng giá, F98 hiển thị từng batch; không trùng phần form đặt đơn.
A69: F89-MB | B69: E3 | C69: Bán hàng & đơn hàng | D69: Đợt phân bổ 12h | E69: Tính giảm HSD sau chọn batch và chốt giá | F69: Mobile | G69: Trong chi tiết đơn, hiện giá cơ sở/tổng dự kiến trước đợt và tổng tiền chính thức sau Admin duyệt. Có tổng giảm HSD và mở Chi tiết giá theo batch của F98-MB, vì một SKU có thể có nhiều mức giá. Đơn trả trước chỉ được thanh toán sau khi chốt giá, chưa phân bổ thì chưa thu tiền. | H69: High | I69: S2 | J69: {=IFERROR(TEXT(INDEX(Sprints!$B$5:$B$7,MATCH(I69,Sprints!$A$5:$A$7,0)),"dd/mm")&" – "&TEXT(INDEX(Sprints!$C$5:$C$7,MATCH(I69,Sprints!$A$5:$A$7,0)),"dd/mm"),"")} -> 02/11 – 15/11 | K69: Sơn | L69: To Do | M69: {=IFERROR(IF(AND(L69<>"Done",TODAY()>INDEX(Sprints!$C$5:$C$7,MATCH(I69,Sprints!$A$5:$A$7,0))),"Trễ",""),"")} | P69: Tính giá sau chọn batch và tổng tiền đơn. Backend/Portal Nhân; Mobile Sơn. F89 hiển thị tổng giá, F98 hiển thị từng batch; không trùng phần form đặt đơn.
A70: F90-BE | B70: E3 | C70: Bán hàng & đơn hàng | D70: Đợt phân bổ 12h | E70: Kết quả đợt & gửi lại đơn thiếu | F70: Backend | G70: Thông báo kết quả sau duyệt; đơn thiếu trả toàn bộ lượng tạm, không giao thiếu. Cho gửi lại một lần vào đợt kế tiếp, giữ giờ/mã cũ nếu retailer, SKU/lượng, MLOR, hạn nhận và điều kiện giá cơ sở không đổi, còn hợp lệ. Giảm HSD tính lại theo batch đợt mới, riêng thay đổi mức giảm tự động này không mất ưu tiên. Trễ đợt kế tiếp, sửa điều kiện hoặc thử thêm thì tạo đơn mới. | H70: High | I70: S2 | J70: {=IFERROR(TEXT(INDEX(Sprints!$B$5:$B$7,MATCH(I70,Sprints!$A$5:$A$7,0)),"dd/mm")&" – "&TEXT(INDEX(Sprints!$C$5:$C$7,MATCH(I70,Sprints!$A$5:$A$7,0)),"dd/mm"),"")} -> 02/11 – 15/11 | K70: Nhân | L70: To Do | M70: {=IFERROR(IF(AND(L70<>"Done",TODAY()>INDEX(Sprints!$C$5:$C$7,MATCH(I70,Sprints!$A$5:$A$7,0))),"Trễ",""),"")} | P70: D5; giảm HSD tự động có thể khác ở đợt kế tiếp, không tự làm mất ưu tiên gửi lại hợp lệ.
A71: F90-MB | B71: E3 | C71: Bán hàng & đơn hàng | D71: Đợt phân bổ 12h | E71: Kết quả đợt & gửi lại đơn thiếu | F71: Mobile | G71: Hiện đơn đủ/thiếu cùng lý do, cho đơn thiếu Gửi lại đợt kế tiếp hoặc Hủy. Hiện hạn và điều kiện giữ ưu tiên một lần. Nói rõ giá giảm HSD sẽ tính lại theo batch được cấp ở đợt mới. Nếu Sales sửa điều kiện đặt hoặc quá hạn gửi lại thì hướng tạo đơn mới với thứ tự mới. | H71: High | I71: S2 | J71: {=IFERROR(TEXT(INDEX(Sprints!$B$5:$B$7,MATCH(I71,Sprints!$A$5:$A$7,0)),"dd/mm")&" – "&TEXT(INDEX(Sprints!$C$5:$C$7,MATCH(I71,Sprints!$A$5:$A$7,0)),"dd/mm"),"")} -> 02/11 – 15/11 | K71: Nhân | L71: To Do | M71: {=IFERROR(IF(AND(L71<>"Done",TODAY()>INDEX(Sprints!$C$5:$C$7,MATCH(I71,Sprints!$A$5:$A$7,0))),"Trễ",""),"")} | P71: D5; giảm HSD tự động có thể khác ở đợt kế tiếp, không tự làm mất ưu tiên gửi lại hợp lệ.
A72: F91-BE | B72: E3 | C72: Bán hàng & đơn hàng | D72: Đợt phân bổ 12h | E72: Cutoff & nhắc duyệt | F72: Backend | G72: Lưu giờ chốt đợt và các mốc nhắc theo giờ Việt Nam. Mặc định chạy 12:00, khuyến nghị Sales gửi trước 11:00, nhắc duyệt đơn 11:30, nhắc duyệt phương án 13:30 và hạn duyệt 14:00. Mốc 11:00 là khuyến nghị, không loại đơn hợp lệ nhận trước 12:00. Quá hạn không tự duyệt, phải kiểm lại ETA khi xử lý muộn. | H72: Medium | I72: S2 | J72: {=IFERROR(TEXT(INDEX(Sprints!$B$5:$B$7,MATCH(I72,Sprints!$A$5:$A$7,0)),"dd/mm")&" – "&TEXT(INDEX(Sprints!$C$5:$C$7,MATCH(I72,Sprints!$A$5:$A$7,0)),"dd/mm"),"")} -> 02/11 – 15/11 | K72: Nhân | L72: To Do | M72: {=IFERROR(IF(AND(L72<>"Done",TODAY()>INDEX(Sprints!$C$5:$C$7,MATCH(I72,Sprints!$A$5:$A$7,0))),"Trễ",""),"")} | P72: D7
A73: F91-FE | B73: E3 | C73: Bán hàng & đơn hàng | D73: Đợt phân bổ 12h | E73: Cutoff & nhắc duyệt | F73: Portal | G73: Làm mục cấu hình giờ chốt và các mốc nhắc duyệt trên Portal. Ghi rõ mốc khuyến nghị gửi đơn, giờ chốt thực tế và hạn Admin duyệt phương án. Kiểm tra thứ tự thời gian hợp lý và cho biết hệ thống không tự duyệt sau hạn. | H73: Medium | I73: S2 | J73: {=IFERROR(TEXT(INDEX(Sprints!$B$5:$B$7,MATCH(I73,Sprints!$A$5:$A$7,0)),"dd/mm")&" – "&TEXT(INDEX(Sprints!$C$5:$C$7,MATCH(I73,Sprints!$A$5:$A$7,0)),"dd/mm"),"")} -> 02/11 – 15/11 | K73: Nhân | L73: To Do | M73: {=IFERROR(IF(AND(L73<>"Done",TODAY()>INDEX(Sprints!$C$5:$C$7,MATCH(I73,Sprints!$A$5:$A$7,0))),"Trễ",""),"")} | P73: D7
A74: F94-BE | B74: E3 | C74: Bán hàng & đơn hàng | D74: Đợt phân bổ 12h | E74: Hủy đơn sau reserve (trước soạn) | F74: Backend | G74: Xử lý hủy thông thường trước soạn: giải phóng Reserved, hủy phần phiếu soạn/giao liên quan và lưu lý do. Ngoại lệ khi đã soạn chỉ Admin xử lý trước khi bất kỳ phần giao nào xuất kho. Nếu đã thu tiền, tạo nghĩa vụ hoàn tiền để F63 theo dõi, không đánh dấu đã hoàn. Khi đã có phần xuất, chặn hủy thông thường và chuyển xử lý khiếu nại. | H74: Medium | I74: S3 | J74: {=IFERROR(TEXT(INDEX(Sprints!$B$5:$B$7,MATCH(I74,Sprints!$A$5:$A$7,0)),"dd/mm")&" – "&TEXT(INDEX(Sprints!$C$5:$C$7,MATCH(I74,Sprints!$A$5:$A$7,0)),"dd/mm"),"")} -> 16/11 – 22/11 | K74: Nhân | L74: To Do | M74: {=IFERROR(IF(AND(L74<>"Done",TODAY()>INDEX(Sprints!$C$5:$C$7,MATCH(I74,Sprints!$A$5:$A$7,0))),"Trễ",""),"")}
A75: F94-FE | B75: E3 | C75: Bán hàng & đơn hàng | D75: Đợt phân bổ 12h | E75: Hủy đơn sau reserve (trước soạn) | F75: Portal | G75: Thêm thao tác Hủy đơn kèm lý do và điều kiện hủy trên Portal. Hiển thị phần tồn sẽ giải phóng và khoản tiền cần hoàn nếu đã thu. Với đơn đã soạn, chỉ Admin có thao tác ngoại lệ trước khi có phần xuất. Khi đã có phần xuất, chỉ rõ cần đi theo luồng khiếu nại. | H75: Medium | I75: S3 | J75: {=IFERROR(TEXT(INDEX(Sprints!$B$5:$B$7,MATCH(I75,Sprints!$A$5:$A$7,0)),"dd/mm")&" – "&TEXT(INDEX(Sprints!$C$5:$C$7,MATCH(I75,Sprints!$A$5:$A$7,0)),"dd/mm"),"")} -> 16/11 – 22/11 | K75: Nhân | L75: To Do | M75: {=IFERROR(IF(AND(L75<>"Done",TODAY()>INDEX(Sprints!$C$5:$C$7,MATCH(I75,Sprints!$A$5:$A$7,0))),"Trễ",""),"")}
A76: F95-BE | B76: E3 | C76: Bán hàng & đơn hàng | D76: Đợt phân bổ 12h | E76: Đóng đợt & báo cáo đợt | F76: Backend | G76: Tổng hợp kết quả đợt: đơn đủ/thiếu, lượng giữ và thực xuất theo batch/kho, ngoại lệ và thời gian chạy. Cho đóng đợt khi các chênh lệch đã được đối soát hoặc ghi nhận xử lý. Đóng đợt không được xóa lịch sử hay làm mất nghĩa vụ hoàn tiền và khiếu nại còn mở. | H76: Medium | I76: S3 | J76: {=IFERROR(TEXT(INDEX(Sprints!$B$5:$B$7,MATCH(I76,Sprints!$A$5:$A$7,0)),"dd/mm")&" – "&TEXT(INDEX(Sprints!$C$5:$C$7,MATCH(I76,Sprints!$A$5:$A$7,0)),"dd/mm"),"")} -> 16/11 – 22/11 | K76: Nhân | L76: To Do | M76: {=IFERROR(IF(AND(L76<>"Done",TODAY()>INDEX(Sprints!$C$5:$C$7,MATCH(I76,Sprints!$A$5:$A$7,0))),"Trễ",""),"")}
A77: F95-FE | B77: E3 | C77: Bán hàng & đơn hàng | D77: Đợt phân bổ 12h | E77: Đóng đợt & báo cáo đợt | F77: Portal | G77: Làm báo cáo đợt với số đơn đủ/thiếu, batch/kho sử dụng, lượng đã giữ/đã xuất và các lỗi chưa xử lý. Có mở chi tiết để đối soát, nút Đóng đợt theo quyền và hiển thị lý do chưa được đóng. Giữ đường dẫn tới hồ sơ khiếu nại/hoàn tiền liên quan. | H77: Medium | I77: S3 | J77: {=IFERROR(TEXT(INDEX(Sprints!$B$5:$B$7,MATCH(I77,Sprints!$A$5:$A$7,0)),"dd/mm")&" – "&TEXT(INDEX(Sprints!$C$5:$C$7,MATCH(I77,Sprints!$A$5:$A$7,0)),"dd/mm"),"")} -> 16/11 – 22/11 | K77: Nhân | L77: To Do | M77: {=IFERROR(IF(AND(L77<>"Done",TODAY()>INDEX(Sprints!$C$5:$C$7,MATCH(I77,Sprints!$A$5:$A$7,0))),"Trễ",""),"")}
A78: F39-BE | B78: E4 | C78: Kho & tồn kho | D78: Nhập kho & batch | E78: Nhập kho (PN) + sinh batch | F78: Backend | G78: Cung cấp API tạo và duyệt phiếu nhập kho với kho, SKU, số lượng, ngày sản xuất và HSD. Khi duyệt mới tăng tồn thực tế và tạo hoặc gộp batch theo quy tắc kho + SKU + HSD đã chốt. Chống duyệt hai lần làm tăng tồn trùng và lưu nguồn nhập để truy vết. | H78: High | I78: S1 | J78: {=IFERROR(TEXT(INDEX(Sprints!$B$5:$B$7,MATCH(I78,Sprints!$A$5:$A$7,0)),"dd/mm")&" – "&TEXT(INDEX(Sprints!$C$5:$C$7,MATCH(I78,Sprints!$A$5:$A$7,0)),"dd/mm"),"")} -> 19/10 – 01/11 | K78: Hải | L78: To Do | M78: {=IFERROR(IF(AND(L78<>"Done",TODAY()>INDEX(Sprints!$C$5:$C$7,MATCH(I78,Sprints!$A$5:$A$7,0))),"Trễ",""),"")}
A79: F39-FE | B79: E4 | C79: Kho & tồn kho | D79: Nhập kho & batch | E79: Nhập kho (PN) + sinh batch | F79: Portal | G79: Làm màn phiếu nhập: danh sách, tạo phiếu, xem chi tiết và duyệt theo quyền. Form nhập kho, sản phẩm, số lượng và thông tin hạn sử dụng. Hiển thị batch sinh ra sau duyệt, lỗi dữ liệu và trạng thái đã ghi nhận tồn. | H79: High | I79: S1 | J79: {=IFERROR(TEXT(INDEX(Sprints!$B$5:$B$7,MATCH(I79,Sprints!$A$5:$A$7,0)),"dd/mm")&" – "&TEXT(INDEX(Sprints!$C$5:$C$7,MATCH(I79,Sprints!$A$5:$A$7,0)),"dd/mm"),"")} -> 19/10 – 01/11 | K79: Sơn | L79: To Do | M79: {=IFERROR(IF(AND(L79<>"Done",TODAY()>INDEX(Sprints!$C$5:$C$7,MATCH(I79,Sprints!$A$5:$A$7,0))),"Trễ",""),"")}
A80: F40-BE | B80: E4 | C80: Kho & tồn kho | D80: Nhập kho & batch | E80: In tem TEM + QR | F80: Backend | G80: Sau nhập kho, sinh mã tem và nội dung QR cho từng thùng theo quy cách. Mỗi tem liên kết đúng phiếu nhập, kho, SKU và batch để tra cứu/quét soạn. Cung cấp dữ liệu hoặc file in, bảo đảm mã tem không trùng khi yêu cầu in lại. | H80: High | I80: S1 | J80: {=IFERROR(TEXT(INDEX(Sprints!$B$5:$B$7,MATCH(I80,Sprints!$A$5:$A$7,0)),"dd/mm")&" – "&TEXT(INDEX(Sprints!$C$5:$C$7,MATCH(I80,Sprints!$A$5:$A$7,0)),"dd/mm"),"")} -> 19/10 – 01/11 | K80: Khiết | L80: To Do | M80: {=IFERROR(IF(AND(L80<>"Done",TODAY()>INDEX(Sprints!$C$5:$C$7,MATCH(I80,Sprints!$A$5:$A$7,0))),"Trễ",""),"")}
A81: F40-FE | B81: E4 | C81: Kho & tồn kho | D81: Nhập kho & batch | E81: In tem TEM + QR | F81: Portal | G81: Trong chi tiết phiếu nhập đã duyệt, cho xem danh sách tem, chọn tem và in hoặc in lại. Bản in hiển thị mã QR, mã tem, sản phẩm và batch/HSD đủ đọc. In lại dùng mã cũ, không tạo thêm tồn hoặc thùng mới. | H81: High | I81: S1 | J81: {=IFERROR(TEXT(INDEX(Sprints!$B$5:$B$7,MATCH(I81,Sprints!$A$5:$A$7,0)),"dd/mm")&" – "&TEXT(INDEX(Sprints!$C$5:$C$7,MATCH(I81,Sprints!$A$5:$A$7,0)),"dd/mm"),"")} -> 19/10 – 01/11 | K81: Hoàng | L81: To Do | M81: {=IFERROR(IF(AND(L81<>"Done",TODAY()>INDEX(Sprints!$C$5:$C$7,MATCH(I81,Sprints!$A$5:$A$7,0))),"Trễ",""),"")}
A82: F41-BE | B82: E4 | C82: Kho & tồn kho | D82: Nhập kho & batch | E82: Quản lý batch & trạng thái HSD | F82: Backend | G82: Cung cấp danh sách và chi tiết batch theo kho/SKU/HSD. Trả OnHand là tồn thực tế, Reserved là lượng đã giữ sau duyệt phương án, Available = OnHand − Reserved. Hiển thị trạng thái còn hạn/cận hạn/hết hạn và chặn batch không được xuất. Không dùng Held khi mới tạo đơn. | H82: Medium | I82: S1 | J82: {=IFERROR(TEXT(INDEX(Sprints!$B$5:$B$7,MATCH(I82,Sprints!$A$5:$A$7,0)),"dd/mm")&" – "&TEXT(INDEX(Sprints!$C$5:$C$7,MATCH(I82,Sprints!$A$5:$A$7,0)),"dd/mm"),"")} -> 19/10 – 01/11 | K82: Khiết | L82: To Do | M82: {=IFERROR(IF(AND(L82<>"Done",TODAY()>INDEX(Sprints!$C$5:$C$7,MATCH(I82,Sprints!$A$5:$A$7,0))),"Trễ",""),"")}
A83: F41-FE | B83: E4 | C83: Kho & tồn kho | D83: Nhập kho & batch | E83: Quản lý batch & trạng thái HSD | F83: Portal | G83: Làm màn quản lý batch với lọc kho, sản phẩm và trạng thái HSD. Hiển thị riêng tồn thực tế, đã giữ, khả dụng và ngày hết hạn để người dùng không nhầm. Có mở lịch sử nhập/xuất và chỉ dẫn tới chức năng xử lý hàng cận hạn/hết hạn theo quyền. | H83: Medium | I83: S1 | J83: {=IFERROR(TEXT(INDEX(Sprints!$B$5:$B$7,MATCH(I83,Sprints!$A$5:$A$7,0)),"dd/mm")&" – "&TEXT(INDEX(Sprints!$C$5:$C$7,MATCH(I83,Sprints!$A$5:$A$7,0)),"dd/mm"),"")} -> 19/10 – 01/11 | K83: Sơn | L83: To Do | M83: {=IFERROR(IF(AND(L83<>"Done",TODAY()>INDEX(Sprints!$C$5:$C$7,MATCH(I83,Sprints!$A$5:$A$7,0))),"Trễ",""),"")}
A84: F42-BE | B84: E4 | C84: Kho & tồn kho | D84: Nhập kho & batch | E84: Date tracker (job hằng đêm) | F84: Backend | G84: Làm job 01:30 mỗi ngày cập nhật batch còn hạn, cận hạn hoặc hết hạn theo HSD và cấu hình. Ghi nhận sự kiện hết hạn để các bước liên quan xử lý. Chuyển trạng thái không tự giảm tồn; hủy vật lý đi qua phiếu hủy. Khi phân bổ vẫn kiểm HSD hiện tại, không chỉ dựa job đêm. | H84: High | I84: S1 | J84: {=IFERROR(TEXT(INDEX(Sprints!$B$5:$B$7,MATCH(I84,Sprints!$A$5:$A$7,0)),"dd/mm")&" – "&TEXT(INDEX(Sprints!$C$5:$C$7,MATCH(I84,Sprints!$A$5:$A$7,0)),"dd/mm"),"")} -> 19/10 – 01/11 | K84: Khiết | L84: To Do | M84: {=IFERROR(IF(AND(L84<>"Done",TODAY()>INDEX(Sprints!$C$5:$C$7,MATCH(I84,Sprints!$A$5:$A$7,0))),"Trễ",""),"")}
A85: F43-BE | B85: E4 | C85: Kho & tồn kho | D85: Xuất kho | E85: Phiếu soạn theo kho từ đợt | F85: Backend | G85: Sau duyệt phương án và giữ tồn thành công, phát hành phiếu soạn theo kho. Gom lượng lấy theo SKU/batch, giữ bảng chia về từng dòng đơn/phần giao và mã bản giá F98. Khi tách một dòng qua nhiều batch/kho phải giữ đúng giá mỗi phần và tổng tiền đã duyệt, không tính giá lại lúc soạn. Chống phát hành trùng; chưa giảm tồn khi chỉ tạo phiếu. | H85: High | I85: S2 | J85: {=IFERROR(TEXT(INDEX(Sprints!$B$5:$B$7,MATCH(I85,Sprints!$A$5:$A$7,0)),"dd/mm")&" – "&TEXT(INDEX(Sprints!$C$5:$C$7,MATCH(I85,Sprints!$A$5:$A$7,0)),"dd/mm"),"")} -> 02/11 – 15/11 | K85: Nhân | L85: To Do | M85: {=IFERROR(IF(AND(L85<>"Done",TODAY()>INDEX(Sprints!$C$5:$C$7,MATCH(I85,Sprints!$A$5:$A$7,0))),"Trễ",""),"")} | P85: Giữ liên kết giá khi tách đơn/kho/batch. Phiếu soạn không tính lại giá.
A86: F43-FE | B86: E4 | C86: Kho & tồn kho | D86: Xuất kho | E86: Phiếu soạn theo kho từ đợt | F86: Portal | G86: Làm phiếu soạn theo đợt/kho với bảng lấy gom SKU/batch và bảng chia về từng dòng đơn. Giữ liên kết phần phân bổ và mã bản giá, chỉ hiện giá khi vai trò được quyền. Không gộp mất nguồn batch hoặc tính lại giá khi tách đơn, không tự đổi batch đã duyệt. Hiện tiến độ và ngoại lệ. | H86: High | I86: S2 | J86: {=IFERROR(TEXT(INDEX(Sprints!$B$5:$B$7,MATCH(I86,Sprints!$A$5:$A$7,0)),"dd/mm")&" – "&TEXT(INDEX(Sprints!$C$5:$C$7,MATCH(I86,Sprints!$A$5:$A$7,0)),"dd/mm"),"")} -> 02/11 – 15/11 | K86: Nhân | L86: To Do | M86: {=IFERROR(IF(AND(L86<>"Done",TODAY()>INDEX(Sprints!$C$5:$C$7,MATCH(I86,Sprints!$A$5:$A$7,0))),"Trễ",""),"")} | P86: Giữ liên kết giá khi tách đơn/kho/batch. Phiếu soạn không tính lại giá.
A87: F43-MB | B87: E4 | C87: Kho & tồn kho | D87: Xuất kho | E87: Phiếu soạn theo kho từ đợt | F87: Mobile | G87: Làm phiếu soạn của kho Thủ kho được gán: batch/lượng cần lấy, đã soạn và chia theo từng đơn. Mỗi phần chia giữ mã phân bổ/bản giá đã duyệt để dữ liệu truy vết không mất, không cần cho Thủ kho sửa giá. Mở quét F44, không cho tùy ý đổi batch. | H87: High | I87: S2 | J87: {=IFERROR(TEXT(INDEX(Sprints!$B$5:$B$7,MATCH(I87,Sprints!$A$5:$A$7,0)),"dd/mm")&" – "&TEXT(INDEX(Sprints!$C$5:$C$7,MATCH(I87,Sprints!$A$5:$A$7,0)),"dd/mm"),"")} -> 02/11 – 15/11 | K87: Nhân | L87: To Do | M87: {=IFERROR(IF(AND(L87<>"Done",TODAY()>INDEX(Sprints!$C$5:$C$7,MATCH(I87,Sprints!$A$5:$A$7,0))),"Trễ",""),"")} | P87: Giữ liên kết giá khi tách đơn/kho/batch. Phiếu soạn không tính lại giá.
A88: F44-BE | B88: E4 | C88: Kho & tồn kho | D88: Xuất kho | E88: Quét tem soạn gom + chia theo đơn | F88: Backend | G88: Kiểm quét tem đúng kho/SKU/batch, lượng chưa soạn và không dùng trùng. Ghi lượng lấy gom rồi chia vào dòng đơn theo mã phân bổ, giữ nguyên liên kết giá từng phần từ F98. Chỉ đánh dấu phần kho Sẵn sàng khi đủ; thiếu/hỏng ghi ngoại lệ. Quét và sẵn sàng chưa làm giảm OnHand/Reserved. | H88: High | I88: S2 | J88: {=IFERROR(TEXT(INDEX(Sprints!$B$5:$B$7,MATCH(I88,Sprints!$A$5:$A$7,0)),"dd/mm")&" – "&TEXT(INDEX(Sprints!$C$5:$C$7,MATCH(I88,Sprints!$A$5:$A$7,0)),"dd/mm"),"")} -> 02/11 – 15/11 | K88: Hải | L88: To Do | M88: {=IFERROR(IF(AND(L88<>"Done",TODAY()>INDEX(Sprints!$C$5:$C$7,MATCH(I88,Sprints!$A$5:$A$7,0))),"Trễ",""),"")}
A89: F44-MB | B89: E4 | C89: Kho & tồn kho | D89: Xuất kho | E89: Quét tem soạn gom + chia theo đơn | F89: Mobile | G89: Làm thao tác quét QR tem trên phiếu soạn, hiện thông tin thùng và lượng hợp lệ. Cho ghi lượng tách/chia về từng đơn trong giới hạn phiếu. Hiển thị sai tem, quét trùng, thiếu hoặc hỏng và gửi ngoại lệ. Chỉ báo phần kho Sẵn sàng sau khi server xác nhận đủ. | H89: High | I89: S2 | J89: {=IFERROR(TEXT(INDEX(Sprints!$B$5:$B$7,MATCH(I89,Sprints!$A$5:$A$7,0)),"dd/mm")&" – "&TEXT(INDEX(Sprints!$C$5:$C$7,MATCH(I89,Sprints!$A$5:$A$7,0)),"dd/mm"),"")} -> 02/11 – 15/11 | K89: Sơn | L89: To Do | M89: {=IFERROR(IF(AND(L89<>"Done",TODAY()>INDEX(Sprints!$C$5:$C$7,MATCH(I89,Sprints!$A$5:$A$7,0))),"Trễ",""),"")}
A90: F93-BE | B90: E4 | C90: Kho & tồn kho | D90: Xuất kho | E90: Kiểm tra sẵn sàng toàn đơn & ngoại lệ | F90: Backend | G90: Kiểm tra tất cả phần hàng theo kho của một đơn đã Sẵn sàng chưa. Chỉ mở quyền xuất khi toàn bộ đơn đủ hàng và đáp ứng điều kiện thanh toán. Nếu một kho thiếu/hỏng thì giữ toàn đơn ở Cần xử lý, không cho kho khác xuất trước. Lưu ngoại lệ để người có quyền hủy hoặc xử lý lại theo đợt. | H90: High | I90: S2 | J90: {=IFERROR(TEXT(INDEX(Sprints!$B$5:$B$7,MATCH(I90,Sprints!$A$5:$A$7,0)),"dd/mm")&" – "&TEXT(INDEX(Sprints!$C$5:$C$7,MATCH(I90,Sprints!$A$5:$A$7,0)),"dd/mm"),"")} -> 02/11 – 15/11 | K90: Nhân | L90: To Do | M90: {=IFERROR(IF(AND(L90<>"Done",TODAY()>INDEX(Sprints!$C$5:$C$7,MATCH(I90,Sprints!$A$5:$A$7,0))),"Trễ",""),"")} | P90: D6, không giao một phần
A91: F93-FE | B91: E4 | C91: Kho & tồn kho | D91: Xuất kho | E91: Kiểm tra sẵn sàng toàn đơn & ngoại lệ | F91: Portal | G91: Làm màn đơn Cần xử lý khi soạn với lý do và trạng thái từng kho. Cho người có quyền xem phần thiếu/hỏng và thực hiện hủy hợp lệ hoặc chuẩn bị xử lý đợt sau. Không có thao tác bỏ qua điều kiện đủ toàn đơn để xuất một phần. Hiển thị ảnh hưởng tới tồn giữ và khoản tiền đã thu. | H91: High | I91: S2 | J91: {=IFERROR(TEXT(INDEX(Sprints!$B$5:$B$7,MATCH(I91,Sprints!$A$5:$A$7,0)),"dd/mm")&" – "&TEXT(INDEX(Sprints!$C$5:$C$7,MATCH(I91,Sprints!$A$5:$A$7,0)),"dd/mm"),"")} -> 02/11 – 15/11 | K91: Nhân | L91: To Do | M91: {=IFERROR(IF(AND(L91<>"Done",TODAY()>INDEX(Sprints!$C$5:$C$7,MATCH(I91,Sprints!$A$5:$A$7,0))),"Trễ",""),"")} | P91: D6, không giao một phần
A92: F93-MB | B92: E4 | C92: Kho & tồn kho | D92: Xuất kho | E92: Kiểm tra sẵn sàng toàn đơn & ngoại lệ | F92: Mobile | G92: Trong phiếu soạn/đơn của Thủ kho, hiện phần kho mình và các kho khác đã sẵn sàng hay chưa. Nếu bị giữ thì hiện lý do thiếu/hỏng hoặc chờ thanh toán. Không cho bấm xác nhận xuất khi server chưa cho phép xuất toàn đơn. | H92: High | I92: S2 | J92: {=IFERROR(TEXT(INDEX(Sprints!$B$5:$B$7,MATCH(I92,Sprints!$A$5:$A$7,0)),"dd/mm")&" – "&TEXT(INDEX(Sprints!$C$5:$C$7,MATCH(I92,Sprints!$A$5:$A$7,0)),"dd/mm"),"")} -> 02/11 – 15/11 | K92: Nhân | L92: To Do | M92: {=IFERROR(IF(AND(L92<>"Done",TODAY()>INDEX(Sprints!$C$5:$C$7,MATCH(I92,Sprints!$A$5:$A$7,0))),"Trễ",""),"")} | P92: D6, không giao một phần
A93: F96-BE | B93: E4 | C93: Kho & tồn kho | D93: Xuất kho | E93: Xác nhận xuất phần giao theo kho | F93: Backend | G93: Xác nhận hàng thực tế rời kho cho phần giao của một đơn từ kho đó. Kiểm tra toàn đơn đã sẵn sàng, đủ điều kiện thanh toán và phần giao chưa xuất. Ghi chứng từ, đồng thời giảm OnHand và Reserved đúng lượng. Gọi lại không trừ trùng. Đơn chỉ thành Đã xuất kho khi tất cả phần giao đã xuất. | H93: High | I93: S2 | J93: {=IFERROR(TEXT(INDEX(Sprints!$B$5:$B$7,MATCH(I93,Sprints!$A$5:$A$7,0)),"dd/mm")&" – "&TEXT(INDEX(Sprints!$C$5:$C$7,MATCH(I93,Sprints!$A$5:$A$7,0)),"dd/mm"),"")} -> 02/11 – 15/11 | K93: Nhân | L93: To Do | M93: {=IFERROR(IF(AND(L93<>"Done",TODAY()>INDEX(Sprints!$C$5:$C$7,MATCH(I93,Sprints!$A$5:$A$7,0))),"Trễ",""),"")} | P93: D6
A94: F96-MB | B94: E4 | C94: Kho & tồn kho | D94: Xuất kho | E94: Xác nhận xuất phần giao theo kho | F94: Mobile | G94: Thêm nút Xác nhận xuất cho phần giao từ kho của Thủ kho. Hiển thị đơn, batch, số lượng và các điều kiện còn thiếu trước xác nhận. Sau thành công hiện giờ xuất và trạng thái do server trả về. Đây là xác nhận hàng rời kho, khác bước quét soạn và xác nhận khách nhận. | H94: High | I94: S2 | J94: {=IFERROR(TEXT(INDEX(Sprints!$B$5:$B$7,MATCH(I94,Sprints!$A$5:$A$7,0)),"dd/mm")&" – "&TEXT(INDEX(Sprints!$C$5:$C$7,MATCH(I94,Sprints!$A$5:$A$7,0)),"dd/mm"),"")} -> 02/11 – 15/11 | K94: Nhân | L94: To Do | M94: {=IFERROR(IF(AND(L94<>"Done",TODAY()>INDEX(Sprints!$C$5:$C$7,MATCH(I94,Sprints!$A$5:$A$7,0))),"Trễ",""),"")} | P94: D6
A95: F45-BE | B95: E4 | C95: Kho & tồn kho | D95: Xuất kho | E95: Tra cứu tem bằng QR | F95: Backend | G95: Cung cấp API tra cứu tem bằng mã QR. Trả sản phẩm, kho, batch, HSD, nguồn nhập và trạng thái tem cho đúng quyền. Mã không tồn tại hoặc không thuộc phạm vi truy cập phải trả thông báo rõ, không tự thay đổi tồn khi tra cứu. | H95: Medium | I95: S1 | J95: {=IFERROR(TEXT(INDEX(Sprints!$B$5:$B$7,MATCH(I95,Sprints!$A$5:$A$7,0)),"dd/mm")&" – "&TEXT(INDEX(Sprints!$C$5:$C$7,MATCH(I95,Sprints!$A$5:$A$7,0)),"dd/mm"),"")} -> 19/10 – 01/11 | K95: Hải | L95: To Do | M95: {=IFERROR(IF(AND(L95<>"Done",TODAY()>INDEX(Sprints!$C$5:$C$7,MATCH(I95,Sprints!$A$5:$A$7,0))),"Trễ",""),"")}
A96: F45-MB | B96: E4 | C96: Kho & tồn kho | D96: Xuất kho | E96: Tra cứu tem bằng QR | F96: Mobile | G96: Làm màn quét hoặc nhập mã tem để xem sản phẩm, kho, batch và HSD. Hiện rõ tem không tồn tại hoặc không đủ quyền. Đây là tra cứu thông tin, không tự xác nhận soạn, xuất hay nhận hàng chỉ vì đã quét. | H96: Medium | I96: S1 | J96: {=IFERROR(TEXT(INDEX(Sprints!$B$5:$B$7,MATCH(I96,Sprints!$A$5:$A$7,0)),"dd/mm")&" – "&TEXT(INDEX(Sprints!$C$5:$C$7,MATCH(I96,Sprints!$A$5:$A$7,0)),"dd/mm"),"")} -> 19/10 – 01/11 | K96: Hoàng | L96: To Do | M96: {=IFERROR(IF(AND(L96<>"Done",TODAY()>INDEX(Sprints!$C$5:$C$7,MATCH(I96,Sprints!$A$5:$A$7,0))),"Trễ",""),"")}
A97: F46-BE | B97: E4 | C97: Kho & tồn kho | D97: Kiểm soát HSD | E97: Bảng giảm theo % HSD: phần trăm hoặc tiền cố định | F97: Backend | G97: Quản lý bảng giảm giá theo khoảng % HSD còn lại cho SKU/Category, kiểu giảm phần trăm hoặc số tiền cố định mỗi đơn vị, hiệu lực và phiên bản. Kiểm các khoảng không chồng và biên xác định rõ; SKU riêng ưu tiên hơn Category, mỗi phần chỉ chọn một bậc HSD. Mức giảm không âm, % không quá 100. Chỉ F89 tra bảng sau chọn batch; không có MLOR riêng trong quy tắc. | H97: High | I97: S2 | J97: {=IFERROR(TEXT(INDEX(Sprints!$B$5:$B$7,MATCH(I97,Sprints!$A$5:$A$7,0)),"dd/mm")&" – "&TEXT(INDEX(Sprints!$C$5:$C$7,MATCH(I97,Sprints!$A$5:$A$7,0)),"dd/mm"),"")} -> 02/11 – 15/11 | K97: Nhân | L97: To Do | M97: {=IFERROR(IF(AND(L97<>"Done",TODAY()>INDEX(Sprints!$C$5:$C$7,MATCH(I97,Sprints!$A$5:$A$7,0))),"Trễ",""),"")} | P97: Cấu hình bảng giảm HSD. Backend/Portal Nhân; Mobile Sơn. F89 hiển thị tổng giá, F98 hiển thị từng batch; không trùng phần form đặt đơn.
A98: F46-FE | B98: E4 | C98: Kho & tồn kho | D98: Kiểm soát HSD | E98: Bảng giảm theo % HSD: phần trăm hoặc tiền cố định | F98: Portal | G98: Làm màn Admin cấu hình bảng giảm theo % HSD: phạm vi Category/SKU, khoảng hạn còn, kiểu % hoặc tiền cố định/đơn vị, mức giảm, hiệu lực và trạng thái. Hiện ví dụ tính trên giá trước giảm HSD. Chặn khoảng chồng và giá trị sai. Phân biệt % HSD với % giảm giá, không có trường MLOR ưu đãi hoặc danh sách khách phải chấp nhận. | H98: High | I98: S2 | J98: {=IFERROR(TEXT(INDEX(Sprints!$B$5:$B$7,MATCH(I98,Sprints!$A$5:$A$7,0)),"dd/mm")&" – "&TEXT(INDEX(Sprints!$C$5:$C$7,MATCH(I98,Sprints!$A$5:$A$7,0)),"dd/mm"),"")} -> 02/11 – 15/11 | K98: Nhân | L98: To Do | M98: {=IFERROR(IF(AND(L98<>"Done",TODAY()>INDEX(Sprints!$C$5:$C$7,MATCH(I98,Sprints!$A$5:$A$7,0))),"Trễ",""),"")} | P98: Cấu hình bảng giảm HSD. Backend/Portal Nhân; Mobile Sơn. F89 hiển thị tổng giá, F98 hiển thị từng batch; không trùng phần form đặt đơn.
A99: F47-BE | B99: E4 | C99: Kho & tồn kho | D99: Kiểm soát HSD | E99: Hủy hàng hết hạn (PH) | F99: Backend | G99: Cung cấp API lập và duyệt phiếu hủy hàng hết hạn theo kho, batch, lượng và lý do. Chỉ giảm tồn khi xác nhận hủy hợp lệ, chống giảm trùng. Nếu lượng cần hủy vướng Reserved thì chặn và yêu cầu xử lý các đơn liên quan trước, không âm tồn khả dụng. | H99: Medium | I99: S3 | J99: {=IFERROR(TEXT(INDEX(Sprints!$B$5:$B$7,MATCH(I99,Sprints!$A$5:$A$7,0)),"dd/mm")&" – "&TEXT(INDEX(Sprints!$C$5:$C$7,MATCH(I99,Sprints!$A$5:$A$7,0)),"dd/mm"),"")} -> 16/11 – 22/11 | K99: Khiết | L99: To Do | M99: {=IFERROR(IF(AND(L99<>"Done",TODAY()>INDEX(Sprints!$C$5:$C$7,MATCH(I99,Sprints!$A$5:$A$7,0))),"Trễ",""),"")}
A100: F47-FE | B100: E4 | C100: Kho & tồn kho | D100: Kiểm soát HSD | E100: Hủy hàng hết hạn (PH) | F100: Portal | G100: Làm màn hủy hàng hết hạn: danh sách, tạo phiếu, chi tiết và xác nhận theo quyền. Hiện tồn thực tế, lượng đã giữ và lượng được hủy của batch. Bắt buộc nhập lý do, hiển thị đơn đang giữ hàng nếu bị chặn và kết quả tồn sau xử lý. | H100: Medium | I100: S3 | J100: {=IFERROR(TEXT(INDEX(Sprints!$B$5:$B$7,MATCH(I100,Sprints!$A$5:$A$7,0)),"dd/mm")&" – "&TEXT(INDEX(Sprints!$C$5:$C$7,MATCH(I100,Sprints!$A$5:$A$7,0)),"dd/mm"),"")} -> 16/11 – 22/11 | K100: Sơn | L100: To Do | M100: {=IFERROR(IF(AND(L100<>"Done",TODAY()>INDEX(Sprints!$C$5:$C$7,MATCH(I100,Sprints!$A$5:$A$7,0))),"Trễ",""),"")}
A101: F54-BE | B101: E5 | C101: Vận chuyển & giao nhận | D101: Bảng vận chuyển & ETA | E101: Bảng vận chuyển dùng chung | F101: Backend | G101: Lưu bảng vận chuyển dùng chung theo khoảng km, gồm thời gian vận chuyển, chi phí ước tính và lịch áp dụng theo thiết kế. Mỗi lần thay đổi có phiên bản/ngày hiệu lực. Cung cấp API cho tính ETA và chi phí, giữ lại phiên bản cũ để giải thích các đợt đã chạy. | H101: High | I101: S1 | J101: {=IFERROR(TEXT(INDEX(Sprints!$B$5:$B$7,MATCH(I101,Sprints!$A$5:$A$7,0)),"dd/mm")&" – "&TEXT(INDEX(Sprints!$C$5:$C$7,MATCH(I101,Sprints!$A$5:$A$7,0)),"dd/mm"),"")} -> 19/10 – 01/11 | K101: Nhân | L101: To Do | M101: {=IFERROR(IF(AND(L101<>"Done",TODAY()>INDEX(Sprints!$C$5:$C$7,MATCH(I101,Sprints!$A$5:$A$7,0))),"Trễ",""),"")} | P101: Chốt 09/10
...

Sheet Team
A1: Thành viên
A2: Danh sách này là nguồn cho dropdown PIC trên Task_Tracking. Sửa tên / thêm người ở cột A.
A4: PIC (tên ngắn) | B4: Họ tên | C4: Vai trò | D4: Số task | E4: Done | F4: % Done
A5: Nhân | B5: Nguyen Thien Nhan | C5: Leader; full stack thuật toán, loyalty và khiếu nại | D5: =COUNTIF(Task_Tracking!$K$5:$K$400,A5) -> 55 | E5: =COUNTIFS(Task_Tracking!$K$5:$K$400,A5,Task_Tracking!$L$5:$L$400,"Done") -> 0 | F5: =IFERROR(E5/D5,0) -> 0
A6: Khiết | B6: Tran Ngoc Khiet | C6: Backend | D6: =COUNTIF(Task_Tracking!$K$5:$K$400,A6) -> 24 | E6: =COUNTIFS(Task_Tracking!$K$5:$K$400,A6,Task_Tracking!$L$5:$L$400,"Done") -> 0 | F6: =IFERROR(E6/D6,0) -> 0
A7: Hải | B7: Doan Duc Hai | C7: Backend; giữ phân công Portal đã có | D7: =COUNTIF(Task_Tracking!$K$5:$K$400,A7) -> 27 | E7: =COUNTIFS(Task_Tracking!$K$5:$K$400,A7,Task_Tracking!$L$5:$L$400,"Done") -> 0 | F7: =IFERROR(E7/D7,0) -> 0
A8: Sơn | B8: Vo Minh Son | C8: Portal / Mobile | D8: =COUNTIF(Task_Tracking!$K$5:$K$400,A8) -> 28 | E8: =COUNTIFS(Task_Tracking!$K$5:$K$400,A8,Task_Tracking!$L$5:$L$400,"Done") -> 0 | F8: =IFERROR(E8/D8,0) -> 0
A9: Hoàng | B9: Truong Le Huy Hoang | C9: Portal / Mobile | D9: =COUNTIF(Task_Tracking!$K$5:$K$400,A9) -> 29 | E9: =COUNTIFS(Task_Tracking!$K$5:$K$400,A9,Task_Tracking!$L$5:$L$400,"Done") -> 0 | F9: =IFERROR(E9/D9,0) -> 0

Sheet Dashboard
A1: FSCM – Dashboard tiến độ
A2: Tự tính từ Task_Tracking và Sprints. Ô vàng ở cột PIC trên Task_Tracking = task chưa có người nhận.
A4: Tổng quan
A5: Tổng task | B5: Done | C5: % Done | D5: Chưa có PIC | E5: Trễ hạn | F5: Blocked | G5: Sprint hiện tại
A6: =COUNTA(Task_Tracking!$G$5:$G$400) -> 163 | B6: =COUNTIF(Task_Tracking!$L$5:$L$400,"Done") -> 0 | C6: =IFERROR(B6/A6,0) -> 0 | D6: =COUNTIFS(Task_Tracking!$G$5:$G$400,"<>",Task_Tracking!$K$5:$K$400,"") -> 0 | E6: =COUNTIF(Task_Tracking!$M$5:$M$400,"Trễ") -> 0 | F6: =COUNTIF(Task_Tracking!$L$5:$L$400,"Blocked") -> 0 | G6: {=IFERROR(INDEX(Sprints!$A$5:$A$7,MATCH("Đang chạy",Sprints!$H$5:$H$7,0)),IF(TODAY()<Sprints!$B$5,"Chưa bắt đầu","Đã hết kế hoạch"))} -> S1
A8: Theo sprint
A9: Sprint | B9: Thời gian | C9: Backend | D9: Portal | E9: Mobile | F9: Tổng task | G9: Done | H9: Còn lại | I9: Lũy kế kế hoạch | J9: Lũy kế Done | K9: % Done
A10: S1 | B10: =TEXT(Sprints!B5,"dd/mm")&" – "&TEXT(Sprints!C5,"dd/mm") -> 19/10 – 01/11 | C10: =COUNTIFS(Task_Tracking!$I$5:$I$400,$A10,Task_Tracking!$F$5:$F$400,"Backend") -> 31 | D10: =COUNTIFS(Task_Tracking!$I$5:$I$400,$A10,Task_Tracking!$F$5:$F$400,"Portal") -> 21 | E10: =COUNTIFS(Task_Tracking!$I$5:$I$400,$A10,Task_Tracking!$F$5:$F$400,"Mobile") -> 12 | F10: =SUM(C10:E10) -> 64 | G10: =COUNTIFS(Task_Tracking!$I$5:$I$400,$A10,Task_Tracking!$L$5:$L$400,"Done") -> 0 | H10: =F10-G10 -> 64 | I10: =SUM($F$10:F10) -> 64 | J10: =SUM($G$10:G10) -> 0 | K10: =IFERROR(G10/F10,0) -> 0
A11: S2 | B11: =TEXT(Sprints!B6,"dd/mm")&" – "&TEXT(Sprints!C6,"dd/mm") -> 02/11 – 15/11 | C11: =COUNTIFS(Task_Tracking!$I$5:$I$400,$A11,Task_Tracking!$F$5:$F$400,"Backend") -> 33 | D11: =COUNTIFS(Task_Tracking!$I$5:$I$400,$A11,Task_Tracking!$F$5:$F$400,"Portal") -> 18 | E11: =COUNTIFS(Task_Tracking!$I$5:$I$400,$A11,Task_Tracking!$F$5:$F$400,"Mobile") -> 14 | F11: =SUM(C11:E11) -> 65 | G11: =COUNTIFS(Task_Tracking!$I$5:$I$400,$A11,Task_Tracking!$L$5:$L$400,"Done") -> 0 | H11: =F11-G11 -> 65 | I11: =SUM($F$10:F11) -> 129 | J11: =SUM($G$10:G11) -> 0 | K11: =IFERROR(G11/F11,0) -> 0
A12: S3 | B12: =TEXT(Sprints!B7,"dd/mm")&" – "&TEXT(Sprints!C7,"dd/mm") -> 16/11 – 22/11 | C12: =COUNTIFS(Task_Tracking!$I$5:$I$400,$A12,Task_Tracking!$F$5:$F$400,"Backend") -> 16 | D12: =COUNTIFS(Task_Tracking!$I$5:$I$400,$A12,Task_Tracking!$F$5:$F$400,"Portal") -> 10 | E12: =COUNTIFS(Task_Tracking!$I$5:$I$400,$A12,Task_Tracking!$F$5:$F$400,"Mobile") -> 8 | F12: =SUM(C12:E12) -> 34 | G12: =COUNTIFS(Task_Tracking!$I$5:$I$400,$A12,Task_Tracking!$L$5:$L$400,"Done") -> 0 | H12: =F12-G12 -> 34 | I12: =SUM($F$10:F12) -> 163 | J12: =SUM($G$10:G12) -> 0 | K12: =IFERROR(G12/F12,0) -> 0
A13: Tổng | C13: =SUM(C10:C12) -> 80 | D13: =SUM(D10:D12) -> 49 | E13: =SUM(E10:E12) -> 34 | F13: =SUM(F10:F12) -> 163 | G13: =SUM(G10:G12) -> 0 | H13: =SUM(H10:H12) -> 163 | K13: =IFERROR(G13/F13,0) -> 0
A15: Khối lượng theo PIC × sprint (số task) – dùng để cân việc khi chia PIC
A16: PIC | B16: S1 | C16: S2 | D16: S3 | E16: Tổng | F16: Done | G16: % Done
A17: =Team!A5 -> Nhân | B17: =COUNTIFS(Task_Tracking!$I$5:$I$400,"S1",Task_Tracking!$K$5:$K$400,$A17) -> 8 | C17: =COUNTIFS(Task_Tracking!$I$5:$I$400,"S2",Task_Tracking!$K$5:$K$400,$A17) -> 37 | D17: =COUNTIFS(Task_Tracking!$I$5:$I$400,"S3",Task_Tracking!$K$5:$K$400,$A17) -> 10 | E17: =SUM(B17:D17) -> 55 | F17: =COUNTIFS(Task_Tracking!$K$5:$K$400,$A17,Task_Tracking!$L$5:$L$400,"Done") -> 0 | G17: =IFERROR(F17/E17,0) -> 0
A18: =Team!A6 -> Khiết | B18: =COUNTIFS(Task_Tracking!$I$5:$I$400,"S1",Task_Tracking!$K$5:$K$400,$A18) -> 10 | C18: =COUNTIFS(Task_Tracking!$I$5:$I$400,"S2",Task_Tracking!$K$5:$K$400,$A18) -> 7 | D18: =COUNTIFS(Task_Tracking!$I$5:$I$400,"S3",Task_Tracking!$K$5:$K$400,$A18) -> 7 | E18: =SUM(B18:D18) -> 24 | F18: =COUNTIFS(Task_Tracking!$K$5:$K$400,$A18,Task_Tracking!$L$5:$L$400,"Done") -> 0 | G18: =IFERROR(F18/E18,0) -> 0
A19: =Team!A7 -> Hải | B19: =COUNTIFS(Task_Tracking!$I$5:$I$400,"S1",Task_Tracking!$K$5:$K$400,$A19) -> 17 | C19: =COUNTIFS(Task_Tracking!$I$5:$I$400,"S2",Task_Tracking!$K$5:$K$400,$A19) -> 6 | D19: =COUNTIFS(Task_Tracking!$I$5:$I$400,"S3",Task_Tracking!$K$5:$K$400,$A19) -> 4 | E19: =SUM(B19:D19) -> 27 | F19: =COUNTIFS(Task_Tracking!$K$5:$K$400,$A19,Task_Tracking!$L$5:$L$400,"Done") -> 0 | G19: =IFERROR(F19/E19,0) -> 0
A20: =Team!A8 -> Sơn | B20: =COUNTIFS(Task_Tracking!$I$5:$I$400,"S1",Task_Tracking!$K$5:$K$400,$A20) -> 13 | C20: =COUNTIFS(Task_Tracking!$I$5:$I$400,"S2",Task_Tracking!$K$5:$K$400,$A20) -> 7 | D20: =COUNTIFS(Task_Tracking!$I$5:$I$400,"S3",Task_Tracking!$K$5:$K$400,$A20) -> 8 | E20: =SUM(B20:D20) -> 28 | F20: =COUNTIFS(Task_Tracking!$K$5:$K$400,$A20,Task_Tracking!$L$5:$L$400,"Done") -> 0 | G20: =IFERROR(F20/E20,0) -> 0
A21: =Team!A9 -> Hoàng | B21: =COUNTIFS(Task_Tracking!$I$5:$I$400,"S1",Task_Tracking!$K$5:$K$400,$A21) -> 16 | C21: =COUNTIFS(Task_Tracking!$I$5:$I$400,"S2",Task_Tracking!$K$5:$K$400,$A21) -> 8 | D21: =COUNTIFS(Task_Tracking!$I$5:$I$400,"S3",Task_Tracking!$K$5:$K$400,$A21) -> 5 | E21: =SUM(B21:D21) -> 29 | F21: =COUNTIFS(Task_Tracking!$K$5:$K$400,$A21,Task_Tracking!$L$5:$L$400,"Done") -> 0 | G21: =IFERROR(F21/E21,0) -> 0
A22: (Chưa gán) | B22: =COUNTIFS(Task_Tracking!$I$5:$I$400,"S1",Task_Tracking!$G$5:$G$400,"<>",Task_Tracking!$K$5:$K$400,"") -> 0 | C22: =COUNTIFS(Task_Tracking!$I$5:$I$400,"S2",Task_Tracking!$G$5:$G$400,"<>",Task_Tracking!$K$5:$K$400,"") -> 0 | D22: =COUNTIFS(Task_Tracking!$I$5:$I$400,"S3",Task_Tracking!$G$5:$G$400,"<>",Task_Tracking!$K$5:$K$400,"") -> 0 | E22: =SUM(B22:D22) -> 0 | F22: =COUNTIFS(Task_Tracking!$G$5:$G$400,"<>",Task_Tracking!$K$5:$K$400,"",Task_Tracking!$L$5:$L$400,"Done") -> 0 | G22: =IFERROR(F22/E22,0) -> 0
A24: Theo epic
A25: Epic | B25: Tên epic | C25: Backend | D25: Portal | E25: Mobile | F25: Tổng task | G25: Done | H25: Còn lại | I25: Blocked | J25: Trễ | K25: % Done
A26: E1 | B26: Nền tảng & xác thực | C26: =COUNTIFS(Task_Tracking!$B$5:$B$400,$A26,Task_Tracking!$F$5:$F$400,"Backend") -> 3 | D26: =COUNTIFS(Task_Tracking!$B$5:$B$400,$A26,Task_Tracking!$F$5:$F$400,"Portal") -> 2 | E26: =COUNTIFS(Task_Tracking!$B$5:$B$400,$A26,Task_Tracking!$F$5:$F$400,"Mobile") -> 2 | F26: =SUM(C26:E26) -> 7 | G26: =COUNTIFS(Task_Tracking!$B$5:$B$400,$A26,Task_Tracking!$L$5:$L$400,"Done") -> 0 | H26: =F26-G26 -> 7 | I26: =COUNTIFS(Task_Tracking!$B$5:$B$400,$A26,Task_Tracking!$L$5:$L$400,"Blocked") -> 0 | J26: =COUNTIFS(Task_Tracking!$B$5:$B$400,$A26,Task_Tracking!$M$5:$M$400,"Trễ") -> 0 | K26: =IFERROR(G26/F26,0) -> 0
A27: E2 | B27: Dữ liệu gốc | C27: =COUNTIFS(Task_Tracking!$B$5:$B$400,$A27,Task_Tracking!$F$5:$F$400,"Backend") -> 12 | D27: =COUNTIFS(Task_Tracking!$B$5:$B$400,$A27,Task_Tracking!$F$5:$F$400,"Portal") -> 11 | E27: =COUNTIFS(Task_Tracking!$B$5:$B$400,$A27,Task_Tracking!$F$5:$F$400,"Mobile") -> 3 | F27: =SUM(C27:E27) -> 26 | G27: =COUNTIFS(Task_Tracking!$B$5:$B$400,$A27,Task_Tracking!$L$5:$L$400,"Done") -> 0 | H27: =F27-G27 -> 26 | I27: =COUNTIFS(Task_Tracking!$B$5:$B$400,$A27,Task_Tracking!$L$5:$L$400,"Blocked") -> 0 | J27: =COUNTIFS(Task_Tracking!$B$5:$B$400,$A27,Task_Tracking!$M$5:$M$400,"Trễ") -> 0 | K27: =IFERROR(G27/F27,0) -> 0
A28: E3 | B28: Bán hàng & đơn hàng | C28: =COUNTIFS(Task_Tracking!$B$5:$B$400,$A28,Task_Tracking!$F$5:$F$400,"Backend") -> 22 | D28: =COUNTIFS(Task_Tracking!$B$5:$B$400,$A28,Task_Tracking!$F$5:$F$400,"Portal") -> 10 | E28: =COUNTIFS(Task_Tracking!$B$5:$B$400,$A28,Task_Tracking!$F$5:$F$400,"Mobile") -> 11 | F28: =SUM(C28:E28) -> 43 | G28: =COUNTIFS(Task_Tracking!$B$5:$B$400,$A28,Task_Tracking!$L$5:$L$400,"Done") -> 0 | H28: =F28-G28 -> 43 | I28: =COUNTIFS(Task_Tracking!$B$5:$B$400,$A28,Task_Tracking!$L$5:$L$400,"Blocked") -> 0 | J28: =COUNTIFS(Task_Tracking!$B$5:$B$400,$A28,Task_Tracking!$M$5:$M$400,"Trễ") -> 0 | K28: =IFERROR(G28/F28,0) -> 0
A29: E4 | B29: Kho & tồn kho | C29: =COUNTIFS(Task_Tracking!$B$5:$B$400,$A29,Task_Tracking!$F$5:$F$400,"Backend") -> 11 | D29: =COUNTIFS(Task_Tracking!$B$5:$B$400,$A29,Task_Tracking!$F$5:$F$400,"Portal") -> 7 | E29: =COUNTIFS(Task_Tracking!$B$5:$B$400,$A29,Task_Tracking!$F$5:$F$400,"Mobile") -> 5 | F29: =SUM(C29:E29) -> 23 | G29: =COUNTIFS(Task_Tracking!$B$5:$B$400,$A29,Task_Tracking!$L$5:$L$400,"Done") -> 0 | H29: =F29-G29 -> 23 | I29: =COUNTIFS(Task_Tracking!$B$5:$B$400,$A29,Task_Tracking!$L$5:$L$400,"Blocked") -> 0 | J29: =COUNTIFS(Task_Tracking!$B$5:$B$400,$A29,Task_Tracking!$M$5:$M$400,"Trễ") -> 0 | K29: =IFERROR(G29/F29,0) -> 0
A30: E5 | B30: Vận chuyển & giao nhận | C30: =COUNTIFS(Task_Tracking!$B$5:$B$400,$A30,Task_Tracking!$F$5:$F$400,"Backend") -> 10 | D30: =COUNTIFS(Task_Tracking!$B$5:$B$400,$A30,Task_Tracking!$F$5:$F$400,"Portal") -> 5 | E30: =COUNTIFS(Task_Tracking!$B$5:$B$400,$A30,Task_Tracking!$F$5:$F$400,"Mobile") -> 3 | F30: =SUM(C30:E30) -> 18 | G30: =COUNTIFS(Task_Tracking!$B$5:$B$400,$A30,Task_Tracking!$L$5:$L$400,"Done") -> 0 | H30: =F30-G30 -> 18 | I30: =COUNTIFS(Task_Tracking!$B$5:$B$400,$A30,Task_Tracking!$L$5:$L$400,"Blocked") -> 0 | J30: =COUNTIFS(Task_Tracking!$B$5:$B$400,$A30,Task_Tracking!$M$5:$M$400,"Trễ") -> 0 | K30: =IFERROR(G30/F30,0) -> 0
A31: E6 | B31: Thanh toán & công nợ | C31: =COUNTIFS(Task_Tracking!$B$5:$B$400,$A31,Task_Tracking!$F$5:$F$400,"Backend") -> 6 | D31: =COUNTIFS(Task_Tracking!$B$5:$B$400,$A31,Task_Tracking!$F$5:$F$400,"Portal") -> 3 | E31: =COUNTIFS(Task_Tracking!$B$5:$B$400,$A31,Task_Tracking!$F$5:$F$400,"Mobile") -> 3 | F31: =SUM(C31:E31) -> 12 | G31: =COUNTIFS(Task_Tracking!$B$5:$B$400,$A31,Task_Tracking!$L$5:$L$400,"Done") -> 0 | H31: =F31-G31 -> 12 | I31: =COUNTIFS(Task_Tracking!$B$5:$B$400,$A31,Task_Tracking!$L$5:$L$400,"Blocked") -> 0 | J31: =COUNTIFS(Task_Tracking!$B$5:$B$400,$A31,Task_Tracking!$M$5:$M$400,"Trễ") -> 0 | K31: =IFERROR(G31/F31,0) -> 0
A32: E7 | B32: Loyalty | C32: =COUNTIFS(Task_Tracking!$B$5:$B$400,$A32,Task_Tracking!$F$5:$F$400,"Backend") -> 6 | D32: =COUNTIFS(Task_Tracking!$B$5:$B$400,$A32,Task_Tracking!$F$5:$F$400,"Portal") -> 4 | E32: =COUNTIFS(Task_Tracking!$B$5:$B$400,$A32,Task_Tracking!$F$5:$F$400,"Mobile") -> 2 | F32: =SUM(C32:E32) -> 12 | G32: =COUNTIFS(Task_Tracking!$B$5:$B$400,$A32,Task_Tracking!$L$5:$L$400,"Done") -> 0 | H32: =F32-G32 -> 12 | I32: =COUNTIFS(Task_Tracking!$B$5:$B$400,$A32,Task_Tracking!$L$5:$L$400,"Blocked") -> 0 | J32: =COUNTIFS(Task_Tracking!$B$5:$B$400,$A32,Task_Tracking!$M$5:$M$400,"Trễ") -> 0 | K32: =IFERROR(G32/F32,0) -> 0
A33: E8 | B33: Báo cáo & thông báo | C33: =COUNTIFS(Task_Tracking!$B$5:$B$400,$A33,Task_Tracking!$F$5:$F$400,"Backend") -> 6 | D33: =COUNTIFS(Task_Tracking!$B$5:$B$400,$A33,Task_Tracking!$F$5:$F$400,"Portal") -> 5 | E33: =COUNTIFS(Task_Tracking!$B$5:$B$400,$A33,Task_Tracking!$F$5:$F$400,"Mobile") -> 3 | F33: =SUM(C33:E33) -> 14 | G33: =COUNTIFS(Task_Tracking!$B$5:$B$400,$A33,Task_Tracking!$L$5:$L$400,"Done") -> 0 | H33: =F33-G33 -> 14 | I33: =COUNTIFS(Task_Tracking!$B$5:$B$400,$A33,Task_Tracking!$L$5:$L$400,"Blocked") -> 0 | J33: =COUNTIFS(Task_Tracking!$B$5:$B$400,$A33,Task_Tracking!$M$5:$M$400,"Trễ") -> 0 | K33: =IFERROR(G33/F33,0) -> 0
A34: E9 | B34: Kiểm thử & bàn giao | C34: =COUNTIFS(Task_Tracking!$B$5:$B$400,$A34,Task_Tracking!$F$5:$F$400,"Backend") -> 4 | D34: =COUNTIFS(Task_Tracking!$B$5:$B$400,$A34,Task_Tracking!$F$5:$F$400,"Portal") -> 2 | E34: =COUNTIFS(Task_Tracking!$B$5:$B$400,$A34,Task_Tracking!$F$5:$F$400,"Mobile") -> 2 | F34: =SUM(C34:E34) -> 8 | G34: =COUNTIFS(Task_Tracking!$B$5:$B$400,$A34,Task_Tracking!$L$5:$L$400,"Done") -> 0 | H34: =F34-G34 -> 8 | I34: =COUNTIFS(Task_Tracking!$B$5:$B$400,$A34,Task_Tracking!$L$5:$L$400,"Blocked") -> 0 | J34: =COUNTIFS(Task_Tracking!$B$5:$B$400,$A34,Task_Tracking!$M$5:$M$400,"Trễ") -> 0 | K34: =IFERROR(G34/F34,0) -> 0
A36: Theo nền tảng × status
A37: Nền tảng | B37: To Do | C37: In Progress | D37: In Review | E37: Done | F37: Blocked | G37: Tổng | H37: % Done
A38: Backend | B38: =COUNTIFS(Task_Tracking!$F$5:$F$400,$A38,Task_Tracking!$L$5:$L$400,"To Do") -> 80 | C38: =COUNTIFS(Task_Tracking!$F$5:$F$400,$A38,Task_Tracking!$L$5:$L$400,"In Progress") -> 0 | D38: =COUNTIFS(Task_Tracking!$F$5:$F$400,$A38,Task_Tracking!$L$5:$L$400,"In Review") -> 0 | E38: =COUNTIFS(Task_Tracking!$F$5:$F$400,$A38,Task_Tracking!$L$5:$L$400,"Done") -> 0 | F38: =COUNTIFS(Task_Tracking!$F$5:$F$400,$A38,Task_Tracking!$L$5:$L$400,"Blocked") -> 0 | G38: =SUM(B38:F38) -> 80 | H38: =IFERROR(E38/G38,0) -> 0
A39: Portal | B39: =COUNTIFS(Task_Tracking!$F$5:$F$400,$A39,Task_Tracking!$L$5:$L$400,"To Do") -> 49 | C39: =COUNTIFS(Task_Tracking!$F$5:$F$400,$A39,Task_Tracking!$L$5:$L$400,"In Progress") -> 0 | D39: =COUNTIFS(Task_Tracking!$F$5:$F$400,$A39,Task_Tracking!$L$5:$L$400,"In Review") -> 0 | E39: =COUNTIFS(Task_Tracking!$F$5:$F$400,$A39,Task_Tracking!$L$5:$L$400,"Done") -> 0 | F39: =COUNTIFS(Task_Tracking!$F$5:$F$400,$A39,Task_Tracking!$L$5:$L$400,"Blocked") -> 0 | G39: =SUM(B39:F39) -> 49 | H39: =IFERROR(E39/G39,0) -> 0
A40: Mobile | B40: =COUNTIFS(Task_Tracking!$F$5:$F$400,$A40,Task_Tracking!$L$5:$L$400,"To Do") -> 34 | C40: =COUNTIFS(Task_Tracking!$F$5:$F$400,$A40,Task_Tracking!$L$5:$L$400,"In Progress") -> 0 | D40: =COUNTIFS(Task_Tracking!$F$5:$F$400,$A40,Task_Tracking!$L$5:$L$400,"In Review") -> 0 | E40: =COUNTIFS(Task_Tracking!$F$5:$F$400,$A40,Task_Tracking!$L$5:$L$400,"Done") -> 0 | F40: =COUNTIFS(Task_Tracking!$F$5:$F$400,$A40,Task_Tracking!$L$5:$L$400,"Blocked") -> 0 | G40: =SUM(B40:F40) -> 34 | H40: =IFERROR(E40/G40,0) -> 0

Sheet Sprints
A1: Kế hoạch 3 sprint trong 5 tuần (19/10 – 22/11/2026)
A2: Chỉ sửa ngày bắt đầu Sprint 1 (ô B5, chữ xanh); các sprint sau tự lùi theo. Hôm nay: | F2: =TODAY() -> 46317
A4: Sprint | B4: Bắt đầu | C4: Kết thúc | D4: Mục tiêu sprint | E4: Số task | F4: Done | G4: % Done | H4: Trạng thái
A5: S1 | B5: 46314 | C5: =B5+13 -> 46327 | D5: Nền tảng và dữ liệu gốc; hồ sơ retailer hai tab, MLOR Category/SKU; bảng vận chuyển/ETA; KM thường và giá dự kiến; đặt/duyệt đơn trước cutoff, nhập kho/tem/batch, thanh toán. | E5: =COUNTIF(Task_Tracking!$I$5:$I$400,A5) -> 64 | F5: =COUNTIFS(Task_Tracking!$I$5:$I$400,A5,Task_Tracking!$L$5:$L$400,"Done") -> 0 | G5: =IFERROR(F5/E5,0) -> 0 | H5: =IF(TODAY()>C5,"Đã qua",IF(TODAY()>=B5,"Đang chạy","Sắp tới")) -> Đang chạy
A6: S2 | B6: =B5+14 -> 46328 | C6: =B6+13 -> 46341 | D6: Gom đợt 12h, chọn/đổi batch đạt MLOR rồi tính giảm HSD; Admin duyệt hàng/giá, reserve; offline; soạn và tách đơn giữ giá theo batch; giao nhận, công nợ, loyalty, KPI. | E6: =COUNTIF(Task_Tracking!$I$5:$I$400,A6) -> 65 | F6: =COUNTIFS(Task_Tracking!$I$5:$I$400,A6,Task_Tracking!$L$5:$L$400,"Done") -> 0 | G6: =IFERROR(F6/E6,0) -> 0 | H6: =IF(TODAY()>C6,"Đã qua",IF(TODAY()>=B6,"Đang chạy","Sắp tới")) -> Sắp tới
A7: S3 | B7: =B6+14 -> 46342 | C7: =B7+6 -> 46348 | D7: Tuần cuối: chức năng Medium còn lại (thông báo, khiếu nại, công nợ trên app, dashboard, hủy hàng, báo cáo đợt) + bộ test đợt, test tích hợp, sửa lỗi, dữ liệu demo, deploy | E7: =COUNTIF(Task_Tracking!$I$5:$I$400,A7) -> 34 | F7: =COUNTIFS(Task_Tracking!$I$5:$I$400,A7,Task_Tracking!$L$5:$L$400,"Done") -> 0 | G7: =IFERROR(F7/E7,0) -> 0 | H7: =IF(TODAY()>C7,"Đã qua",IF(TODAY()>=B7,"Đang chạy","Sắp tới")) -> Sắp tới
A9: S1 và S2 mỗi sprint 2 tuần, S3 là tuần cuối (16/11 – 22/11). S3 không nhận chức năng High mới; nếu trễ thì cắt bớt nhóm Medium trước.

Sheet Lists
A1: Status | B1: Priority | C1: Nền tảng | D1: Sprint
A2: To Do | B2: High | C2: Backend | D2: S1
A3: In Progress | B3: Medium | C3: Portal | D3: S2
A4: In Review | B4: Low | C4: Mobile | D4: S3
A5: Done
A6: Blocked

Sheet Huong_dan
A1: Hướng dẫn
A2: Cấu trúc: Epic → Module → Chức năng → mỗi nền tảng (Backend / Portal / Mobile) là một dòng task riêng trên Task_Tracking. Task ID = mã chức năng + nền tảng (F27-BE, F27-MB…); các dòng cùng mã F27 là cùng một chức năng.
A3: Phân công cụ thể: giảm HSD và giá theo batch giao Nhân Backend/Portal, Sơn Mobile; hồ sơ retailer hai tab và MLOR Category/SKU giao Hải Backend, Hoàng Portal/Mobile. Các phần khác giữ phân công hiện có.
A4: Sprint: 3 sprint trong 5 tuần từ 19/10 đến 22/11/2026 – S1 19/10–01/11, S2 02/11–15/11 (2 tuần), S3 16/11–22/11 (1 tuần, test + Medium còn lại). Task chưa Done mà đã qua ngày kết thúc sprint sẽ hiện "Trễ".
A5: Luồng thống nhất 21/10/2026: MLOR theo SKU riêng, rồi Category, rồi mặc định sản phẩm; gom nhu cầu theo SKU nhưng giữ điều kiện từng dòng. Chọn batch đạt MLOR tại ETA trước, tính giảm theo % HSD sau, Admin duyệt hàng và giá rồi mới giữ tồn/thu trả trước. F98 lưu và hiển thị giá theo batch.
A6: Ô được sửa: PIC, Status, Priority, Sprint (có thể dời task sang sprint khác), Bắt đầu, Hoàn thành, Ghi chú. Không sửa cột xám (Thời gian sprint, Trễ hạn).
A7: Thêm task: điền tiếp dòng trống dưới bảng (Task ID mới, Epic, Module, Chức năng, Nền tảng, Công việc, Sprint); công thức có sẵn tới dòng 400.
A9: Status | B9: Ý nghĩa
A10: To Do | B10: Chưa bắt đầu
A11: In Progress | B11: Đang code
A12: In Review | B12: Xong code, chờ review / test
A13: Done | B13: Đã merge, test pass trên môi trường chung
A14: Blocked | B14: Bị chặn – ghi lý do ở Ghi chú
A16: Priority | B16: Ý nghĩa
A17: High | B17: Luồng chính: hồ sơ retailer hai tab, MLOR Category/SKU, gom đợt 12h, chọn batch rồi tính giảm HSD, Admin duyệt hàng/giá, xuất kho, thanh toán, loyalty và KPI.
A18: Medium | B18: Chức năng hỗ trợ trong scope; nếu trễ thì làm bản gọn, không bỏ
A19: Low | B19: Ngoài scope đã chốt, chỉ làm khi dư thời gian (hiện không có task nào)
A21: Nguyên tắc xếp sprint | B21: S1: dữ liệu gốc + phần đầu luồng đơn (tạo, duyệt) + nhập kho. S2: đợt phân bổ 12:00 đến xuất kho, giao nhận, công nợ, loyalty, KPI – toàn bộ High còn lại. S3: Medium còn lại + test, sửa lỗi, demo. Backend và Portal / Mobile của cùng chức năng nằm cùng sprint.
A22: Ví dụ cập nhật | B22: F87-BE "Đề xuất đợt & Admin duyệt đợt": chọn PIC, Status = In Progress. Khi xong: Status = Done, điền ngày Hoàn thành; Dashboard tự cộng vào S2, E3, Backend và PIC đó.
... A25: Quy tắc tính và lưu giá | B25: F25 lấy giá cơ sở sau KM thường. F89 chọn một bậc giảm HSD theo SKU (ưu tiên) hoặc Category, giảm % hay tiền cố định/đơn vị trên giá cơ sở, giá cuối không âm; không khớp thì giảm HSD = 0. F98 lưu mọi thành phần giá theo dòng phân bổ, không tính lại khi soạn, giao, thu tiền hoặc xem lịch sử.
